date,target
2006/1/1,20.2807822
2006/1/2,19.89313089
2006/1/3,29.2534919
2006/1/4,22.62559991
2006/1/5,20.2807822
2006/1/6,31.98596093
2006/1/7,18.72072203
2006/1/8,35.8813839
2006/1/9,21.84084237
2006/1/10,24.18566008
2006/1/11,16.38535923
2006/1/12,19.50547957
2006/1/13,19.89313089
2006/1/14,21.84084237
2006/1/15,28.08108305
2006/1/16,20.66843352
2006/1/17,16.38535923
2006/1/18,19.50547957
2006/1/19,16.38535923
2006/1/20,28.08108305
2006/1/21,17.54831318
2006/1/22,18.33307072
2006/1/23,7.800300847
2006/1/24,16.38535923
2006/1/25,22.22849369
2006/1/26,30.03824944
2006/1/27,17.16066186
2006/1/28,14.04054153
2006/1/29,23.01325123
2006/1/30,20.66843352
2006/1/31,10.53276987
2006/2/1,16.38535923
2006/2/2,21.84084237
2006/2/3,16.77301055
2006/2/4,28.47818928
2006/2/5,9.360361017
2006/2/6,10.53276987
2006/2/7,10.92042119
2006/2/8,27.69343174
2006/2/9,26.91812911
2006/2/10,11.3080725
2006/2/11,19.10837335
2006/2/12,28.47818928
2006/2/13,23.40090254
2006/2/14,24.5733114
2006/2/15,13.65289021
2006/2/16,27.30578042
2006/2/17,17.16066186
2006/2/18,14.42819284
2006/2/19,9.360361017
2006/2/20,21.06553974
2006/2/21,15.98825301
2006/2/22,8.187952162
2006/2/23,39.00150424
2006/2/24,14.42819284
2006/2/25,10.14511856
2006/2/26,18.33307072
2006/2/27,10.92042119
2006/2/28,19.50547957
2006/3/1,24.96096271
2006/3/2,5.464938048
2006/3/3,14.42819284
2006/3/4,14.42819284
2006/3/5,9.748012332
2006/3/6,5.067831823
2006/3/7,18.72072203
2006/3/8,14.04054153
2006/3/9,10.92042119
2006/3/10,11.3080725
2006/3/11,
2006/3/12,18.72072203
2006/3/13,10.53276987
2006/3/14,8.187952162
2006/3/15,11.3080725
2006/3/16,5.464938048
2006/3/17,8.972709702
2006/3/18,19.50547957
2006/3/19,14.82529906
2006/3/20,14.42819284
2006/3/21,17.9454194
2006/3/22,
2006/3/23,11.3080725
2006/3/24,
2006/3/25,9.360361017
2006/3/26,19.50547957
2006/3/27,5.464938048
2006/3/28,5.464938048
2006/3/29,17.16066186
2006/3/30,14.04054153
2006/3/31,8.972709702
2006/4/1,20.2807822
2006/4/2,9.360361017
2006/4/3,5.464938048
2006/4/4,5.464938048
2006/4/5,5.464938048
2006/4/6,11.3080725
2006/4/7,8.585058387
2006/4/8,9.360361017
2006/4/9,9.748012332
2006/4/10,10.53276987
2006/4/11,17.9454194
2006/4/12,13.65289021
2006/4/13,5.464938048
2006/4/14,10.92042119
2006/4/15,9.360361017
2006/4/16,8.972709702
2006/4/17,12.86813267
2006/4/18,13.2652389
2006/4/19,5.464938048
2006/4/20,7.800300847
2006/4/21,14.04054153
2006/4/22,8.972709702
2006/4/23,8.585058387
2006/4/24,10.14511856
2006/4/25,5.464938048
2006/4/26,8.187952162
2006/4/27,10.53276987
2006/4/28,5.464938048
2006/4/29,27.30578042
2006/4/30,9.360361017
2006/5/1,11.70517873
2006/5/2,11.70517873
2006/5/3,9.748012332
2006/5/4,25.35806894
2006/5/5,10.14511856
2006/5/6,8.972709702
2006/5/7,20.66843352
2006/5/8,
2006/5/9,7.412649532
2006/5/10,10.53276987
2006/5/11,7.800300847
2006/5/12,5.464938048
2006/5/13,8.585058387
2006/5/14,
2006/5/15,7.412649532
2006/5/16,5.067831823
2006/5/17,12.48048136
2006/5/18,10.14511856
2006/5/19,7.800300847
2006/5/20,12.86813267
2006/5/21,8.972709702
2006/5/22,4.680180508
2006/5/23,
2006/5/24,9.748012332
2006/5/25,
2006/5/26,5.464938048
2006/5/27,
2006/5/28,8.585058387
2006/5/29,9.748012332
2006/5/30,7.412649532
2006/5/31,5.067831823
2006/6/1,7.800300847
2006/6/2,10.53276987
2006/6/3,17.54831318
2006/6/4,8.972709702
2006/6/5,4.680180508
2006/6/6,4.680180508
2006/6/7,10.14511856
2006/6/8,10.14511856
2006/6/9,10.14511856
2006/6/10,
2006/6/11,
2006/6/12,5.067831823
2006/6/13,10.14511856
2006/6/14,10.14511856
2006/6/15,15.21295038
2006/6/16,12.86813267
2006/6/17,17.54831318
2006/6/18,8.585058387
2006/6/19,
2006/6/20,10.14511856
2006/6/21,
2006/6/22,5.067831823
2006/6/23,10.53276987
2006/6/24,
2006/6/25,8.187952162
2006/6/26,16.38535923
2006/6/27,9.748012332
2006/6/28,10.14511856
2006/6/29,10.14511856
2006/6/30,5.067831823
2006/7/1,7.771936117
2006/7/2,7.771936117
2006/7/3,4.661270688
2006/7/4,9.322541376
2006/7/5,
2006/7/6,11.91318675
2006/7/7,4.661270688
2006/7/8,16.05443738
2006/7/9,7.771936117
2006/7/10,8.80252132
2006/7/11,6.731896004
2006/7/12,11.39316669
2006/7/13,4.661270688
2006/7/14,4.661270688
2006/7/15,
2006/7/16,12.95322686
2006/7/17,6.731896004
2006/7/18,
2006/7/19,4.661270688
2006/7/20,4.661270688
2006/7/21,4.661270688
2006/7/22,7.771936117
2006/7/23,
2006/7/24,4.141250632
2006/7/25,4.661270688
2006/7/26,4.661270688
2006/7/27,13.46379201
2006/7/28,
2006/7/29,7.771936117
2006/7/30,8.291956173
2006/7/31,4.661270688
2006/8/1,9.322541376
2006/8/2,4.661270688
2006/8/3,4.661270688
2006/8/4,4.661270688
2006/8/5,16.57445744
2006/8/6,12.43320681
2006/8/7,6.731896004
2006/8/8,4.661270688
2006/8/9,13.98381206
2006/8/10,9.322541376
2006/8/11,9.842561433
2006/8/12,12.43320681
2006/8/13,
2006/8/14,8.80252132
2006/8/15,11.39316669
2006/8/16,
2006/8/17,4.661270688
2006/8/18,15.02385218
2006/8/19,7.771936117
2006/8/20,16.05443738
2006/8/21,4.141250632
2006/8/22,4.661270688
2006/8/23,6.731896004
2006/8/24,11.39316669
2006/8/25,13.98381206
2006/8/26,7.771936117
2006/8/27,16.05443738
2006/8/28,17.09447749
2006/8/29,8.80252132
2006/8/30,6.731896004
2006/8/31,10.87314664
2006/9/1,6.731896004
2006/9/2,7.771936117
2006/9/3,15.02385218
2006/9/4,4.141250632
2006/9/5,19.68512287
2006/9/6,24.34639355
2006/9/7,12.95322686
2006/9/8,13.46379201
2006/9/9,15.02385218
2006/9/10,11.39316669
2006/9/11,12.43320681
2006/9/12,8.291956173
2006/9/13,10.87314664
2006/9/14,15.54387223
2006/9/15,6.731896004
2006/9/16,23.30635344
2006/9/17,11.39316669
2006/9/18,26.41701887
2006/9/19,12.43320681
2006/9/20,10.87314664
2006/9/21,22.27576824
2006/9/22,13.98381206
2006/9/23,11.39316669
2006/9/24,10.87314664
2006/9/25,4.141250632
2006/9/26,17.09447749
2006/9/27,4.661270688
2006/9/28,20.20514292
2006/9/29,13.98381206
2006/9/30,7.25191606
2006/10/1,13.98381206
2006/10/2,6.211875947
2006/10/3,10.87314664
2006/10/4,10.87314664
2006/10/5,15.02385218
2006/10/6,23.8263735
2006/10/7,19.16510281
2006/10/8,16.05443738
2006/10/9,21.23572812
2006/10/10,8.291956173
2006/10/11,10.87314664
2006/10/12,10.87314664
2006/10/13,13.46379201
2006/10/14,25.37697876
2006/10/15,39.88081088
2006/10/16,22.27576824
2006/10/17,8.291956173
2006/10/18,25.37697876
2006/10/19,23.30635344
2006/10/20,28.48764419
2006/10/21,14.50383212
2006/10/22,24.86641361
2006/10/23,19.68512287
2006/10/24,24.34639355
2006/10/25,17.09447749
2006/10/26,12.95322686
2006/10/27,17.61449755
2006/10/28,37.29962042
2006/10/29,14.50383212
2006/10/30,18.1250627
2006/10/31,18.64508275
2006/11/1,10.87314664
2006/11/2,25.89699881
2006/11/3,39.37024573
2006/11/4,18.64508275
2006/11/5,39.37024573
2006/11/6,11.91318675
2006/11/7,20.71570807
2006/11/8,12.95322686
2006/11/9,35.73956025
2006/11/10,23.8263735
2006/11/11,40.92085099
2006/11/12,36.77960036
2006/11/13,26.41701887
2006/11/14,28.48764419
2006/11/15,25.37697876
2006/11/16,14.50383212
2006/11/17,26.41701887
2006/11/18,30.04770435
2006/11/19,31.59830961
2006/11/20,24.34639355
2006/11/21,43.51149636
2006/11/22,34.70897504
2006/11/23,35.73956025
2006/11/24,41.9608911
2006/11/25,29.5276843
2006/11/26,24.86641361
2006/11/27,20.20514292
2006/11/28,22.27576824
2006/11/29,23.30635344
2006/11/30,17.09447749
2006/12/1,17.61449755
2006/12/2,44.03151642
2006/12/3,28.48764419
2006/12/4,32.11832967
2006/12/5,14.50383212
2006/12/6,36.2595803
2006/12/7,20.71570807
2006/12/8,25.89699881
2006/12/9,27.45705898
2006/12/10,25.37697876
2006/12/11,24.34639355
2006/12/12,20.20514292
2006/12/13,16.57445744
2006/12/14,20.71570807
2006/12/15,23.8263735
2006/12/16,32.62889482
2006/12/17,21.23572812
2006/12/18,22.27576824
2006/12/19,22.79578829
2006/12/20,30.04770435
2006/12/21,15.02385218
2006/12/22,13.46379201
2006/12/23,30.5582695
2006/12/24,23.30635344
2006/12/25,23.30635344
2006/12/26,15.02385218
2006/12/27,13.46379201
2006/12/28,12.43320681
2006/12/29,7.25191606
2006/12/30,
2006/12/31,51.80345254
2007/1/1,24.16675026
2007/1/2,11.32698232
2007/1/3,28.69565221
2007/1/4,31.71176854
2007/1/5,15.47768786
2007/1/6,29.07384861
2007/1/7,12.46157154
2007/1/8,28.69565221
2007/1/9,19.63784831
2007/1/10,11.32698232
2007/1/11,18.1250627
2007/1/12,27.9392594
2007/1/13,33.60275056
2007/1/14,37.7534561
2007/1/15,10.57058951
2007/1/16,21.89757183
2007/1/17,6.798080375
2007/1/18,17.74686629
2007/1/19,20.76298262
2007/1/20,30.20843783
2007/1/21,29.07384861
2007/1/22,12.46157154
2007/1/23,16.99047348
2007/1/24,8.679607488
2007/1/25,13.21796434
2007/1/26,29.83024142
2007/1/27,18.88145551
2007/1/28,29.07384861
2007/1/29,23.03216105
2007/1/30,23.78855386
2007/1/31,26.80467018
2007/2/1,15.47768786
2007/2/2,11.32698232
2007/2/3,14.72129505
2007/2/4,14.34309865
2007/2/5,8.310865994
2007/2/6,30.20843783
2007/2/7,6.41988397
2007/2/8,17.74686629
2007/2/9,24.92314307
2007/2/10,10.94878592
2007/2/11,31.71176854
2007/2/12,23.41035745
2007/2/13,21.14117902
2007/2/14,21.89757183
2007/2/15,18.1250627
2007/2/16,16.23408067
2007/2/17,28.69565221
2007/2/18,14.34309865
2007/2/19,10.57058951
2007/2/20,12.83976794
2007/2/21,15.85588427
2007/2/22,6.798080375
2007/2/23,22.65396464
2007/2/24,22.27576824
2007/2/25,26.42647378
2007/2/26,21.51937543
2007/2/27,15.47768786
2007/2/28,18.1250627
2007/3/1,13.59616075
2007/3/2,20.76298262
2007/3/3,22.27576824
2007/3/4,
2007/3/5,8.310865994
2007/3/6,17.74686629
2007/3/7,6.798080375
2007/3/8,22.27576824
2007/3/9,16.23408067
2007/3/10,7.554473184
2007/3/11,28.69565221
2007/3/12,12.83976794
2007/3/13,10.94878592
2007/3/14,6.798080375
2007/3/15,13.59616075
2007/3/16,9.057803893
2007/3/17,22.27576824
2007/3/18,26.42647378
2007/3/19,12.83976794
2007/3/20,11.70517873
2007/3/21,6.798080375
2007/3/22,17.36866989
2007/3/23,11.70517873
2007/3/24,14.34309865
2007/3/25,14.34309865
2007/3/26,17.36866989
2007/3/27,8.679607488
2007/3/28,9.057803893
2007/3/29,6.798080375
2007/3/30,13.97435715
2007/3/31,7.554473184
2007/4/1,30.20843783
2007/4/2,10.94878592
2007/4/3,21.89757183
2007/4/4,9.057803893
2007/4/5,4.528901946
2007/4/6,6.798080375
2007/4/7,7.17627678
2007/4/8,7.17627678
2007/4/9,4.150705542
2007/4/10,4.150705542
2007/4/11,13.21796434
2007/4/12,4.528901946
2007/4/13,22.27576824
2007/4/14,13.97435715
2007/4/15,
2007/4/16,7.932669589
2007/4/17,6.41988397
2007/4/18,15.09949146
2007/4/19,8.679607488
2007/4/20,11.32698232
2007/4/21,10.57058951
2007/4/22,12.83976794
2007/4/23,9.814196702
2007/4/24,10.19239311
2007/4/25,8.310865994
2007/4/26,6.41988397
2007/4/27,9.057803893
2007/4/28,7.17627678
2007/4/29,15.47768786
2007/4/30,20.38478621
2007/5/1,9.057803893
2007/5/2,9.814196702
2007/5/3,
2007/5/4,10.94878592
2007/5/5,10.19239311
2007/5/6,8.310865994
2007/5/7,3.394312732
2007/5/8,3.772509137
2007/5/9,5.663491161
2007/5/10,7.17627678
2007/5/11,7.554473184
2007/5/12,9.057803893
2007/5/13,9.057803893
2007/5/14,17.36866989
2007/5/15,9.057803893
2007/5/16,7.554473184
2007/5/17,7.17627678
2007/5/18,18.88145551
2007/5/19,11.70517873
2007/5/20,21.14117902
2007/5/21,3.394312732
2007/5/22,12.08337513
2007/5/23,7.17627678
2007/5/24,10.57058951
2007/5/25,9.057803893
2007/5/26,12.46157154
2007/5/27,18.1250627
2007/5/28,10.19239311
2007/5/29,13.97435715
2007/5/30,12.46157154
2007/5/31,12.46157154
2007/6/1,9.436000298
2007/6/2,
2007/6/3,11.70517873
2007/6/4,3.394312732
2007/6/5,8.679607488
2007/6/6,
2007/6/7,5.285294756
2007/6/8,7.554473184
2007/6/9,
2007/6/10,8.679607488
2007/6/11,10.19239311
2007/6/12,12.08337513
2007/6/13,5.285294756
2007/6/14,6.798080375
2007/6/15,10.94878592
2007/6/16,15.09949146
2007/6/17,6.041687565
2007/6/18,10.19239311
2007/6/19,15.47768786
2007/6/20,3.772509137
2007/6/21,7.17627678
2007/6/22,14.34309865
2007/6/23,6.041687565
2007/6/24,5.663491161
2007/6/25,8.679607488
2007/6/26,10.19239311
2007/6/27,7.17627678
2007/6/28,7.17627678
2007/6/29,3.772509137
2007/6/30,6.041687565
2007/7/1,16.17735121
2007/7/2,7.639567375
2007/7/3,3.148485069
2007/7/4,9.436000298
2007/7/5,15.72351553
2007/7/6,9.889835983
2007/7/7,10.78805244
2007/7/8,13.02886614
2007/7/9,8.982164612
2007/7/10,13.9270826
2007/7/11,6.287515228
2007/7/12,12.13064968
2007/7/13,4.944917992
2007/7/14,4.944917992
2007/7/15,9.889835983
2007/7/16,4.944917992
2007/7/17,3.148485069
2007/7/18,7.639567375
2007/7/19,6.287515228
2007/7/20,9.889835983
2007/7/21,10.33421676
2007/7/22,4.944917992
2007/7/23,10.33421676
2007/7/24,9.436000298
2007/7/25,3.148485069
2007/7/26,9.436000298
2007/7/27,8.083948151
2007/7/28,8.083948151
2007/7/29,
2007/7/30,7.639567375
2007/7/31,9.436000298
2007/8/1,6.287515228
2007/8/2,6.287515228
2007/8/3,3.148485069
2007/8/4,5.389298767
2007/8/5,10.78805244
2007/8/6,3.148485069
2007/8/7,4.491082306
2007/8/8,4.944917992
2007/8/9,6.287515228
2007/8/10,3.592865845
2007/8/11,
2007/8/12,11.68626891
2007/8/13,15.72351553
2007/8/14,7.639567375
2007/8/15,11.68626891
2007/8/16,7.18573169
2007/8/17,10.78805244
2007/8/18,5.389298767
2007/8/19,15.72351553
2007/8/20,7.639567375
2007/8/21,5.843134453
2007/8/22,4.491082306
2007/8/23,7.639567375
2007/8/24,3.148485069
2007/8/25,8.083948151
2007/8/26,5.389298767
2007/8/27,10.33421676
2007/8/28,8.982164612
2007/8/29,12.13064968
2007/8/30,8.982164612
2007/8/31,3.148485069
2007/9/1,4.944917992
2007/9/2,9.889835983
2007/9/3,10.33421676
2007/9/4,14.82529906
2007/9/5,7.18573169
2007/9/6,8.537783836
2007/9/7,7.639567375
2007/9/8,7.18573169
2007/9/9,14.38091829
2007/9/10,8.537783836
2007/9/11,5.843134453
2007/9/12,11.68626891
2007/9/13,8.982164612
2007/9/14,10.78805244
2007/9/15,7.18573169
2007/9/16,9.889835983
2007/9/17,11.23243322
2007/9/18,13.02886614
2007/9/19,13.02886614
2007/9/20,8.982164612
2007/9/21,7.639567375
2007/9/22,9.436000298
2007/9/23,9.889835983
2007/9/24,23.3630829
2007/9/25,8.537783836
2007/9/26,10.33421676
2007/9/27,12.13064968
2007/9/28,17.07556767
2007/9/29,20.22405274
2007/9/30,17.97378413
2007/10/1,14.38091829
2007/10/2,17.51994845
2007/10/3,17.97378413
2007/10/4,11.68626891
2007/10/5,10.78805244
2007/10/6,14.82529906
2007/10/7,17.51994845
2007/10/8,18.8720006
2007/10/9,13.9270826
2007/10/10,13.02886614
2007/10/11,11.68626891
2007/10/12,14.82529906
2007/10/13,18.8720006
2007/10/14,17.97378413
2007/10/15,19.32583628
2007/10/16,17.07556767
2007/10/17,14.38091829
2007/10/18,21.56664998
2007/10/19,16.17735121
2007/10/20,21.1222692
2007/10/21,23.3630829
2007/10/22,20.66843352
2007/10/23,15.27913475
2007/10/24,17.51994845
2007/10/25,10.33421676
2007/10/26,8.982164612
2007/10/27,17.07556767
2007/10/28,11.68626891
2007/10/29,26.05773228
2007/10/30,12.58448537
2007/10/31,9.889835983
2007/11/1,18.42761982
2007/11/2,22.46486644
2007/11/3,14.38091829
2007/11/4,7.18573169
2007/11/5,17.51994845
2007/11/6,15.27913475
2007/11/7,14.38091829
2007/11/8,20.22405274
2007/11/9,17.51994845
2007/11/10,24.26129936
2007/11/11,17.97378413
2007/11/12,10.78805244
2007/11/13,16.62173199
2007/11/14,21.56664998
2007/11/15,18.42761982
2007/11/16,35.94756827
2007/11/17,44.92973288
2007/11/18,30.5582695
2007/11/19,14.82529906
2007/11/20,22.46486644
2007/11/21,30.5582695
2007/11/22,22.46486644
2007/11/23,32.7990832
2007/11/24,12.13064968
2007/11/25,20.66843352
2007/11/26,19.32583628
2007/11/27,22.46486644
2007/11/28,22.91870213
2007/11/29,22.46486644
2007/11/30,13.48270183
2007/12/1,16.17735121
2007/12/2,25.15951582
2007/12/3,28.76183658
2007/12/4,19.32583628
2007/12/5,20.22405274
2007/12/6,25.61335151
2007/12/7,22.46486644
2007/12/8,22.91870213
2007/12/9,24.71513505
2007/12/10,20.22405274
2007/12/11,19.32583628
2007/12/12,21.1222692
2007/12/13,25.61335151
2007/12/14,13.48270183
2007/12/15,23.3630829
2007/12/16,36.84578473
2007/12/17,20.66843352
2007/12/18,15.27913475
2007/12/19,23.3630829
2007/12/20,26.05773228
2007/12/21,12.13064968
2007/12/22,20.66843352
2007/12/23,28.76183658
2007/12/24,20.66843352
2007/12/25,25.15951582
2007/12/26,24.26129936
2007/12/27,16.62173199
2007/12/28,10.78805244
2007/12/29,22.46486644
2007/12/30,13.9270826
2007/12/31,
2008/1/1,17.1984815
2008/1/2,18.82472604
2008/1/3,24.33693864
2008/1/4,26.61557198
2008/1/5,21.09390447
2008/1/6,24.6678605
2008/1/7,9.086168623
2008/1/8,14.60783613
2008/1/9,12.32920279
2008/1/10,20.12004873
2008/1/11,14.27691428
2008/1/12,28.88475041
2008/1/13,22.72014901
2008/1/14,13.95544733
2008/1/15,17.1984815
2008/1/16,17.8508703
2008/1/17,17.8508703
2008/1/18,9.738557421
2008/1/19,27.91089467
2008/1/20,21.09390447
2008/1/21,15.58169187
2008/1/22,21.09390447
2008/1/23,24.0154717
2008/1/24,17.1984815
2008/1/25,11.35534705
2008/1/26,32.44925152
2008/1/27,27.25850587
2008/1/28,13.95544733
2008/1/29,6.486068341
2008/1/30,12.00773585
2008/1/31,16.22462576
2008/2/1,16.87701456
2008/2/2,16.87701456
2008/2/3,15.90315882
2008/2/4,18.17233725
2008/2/5,13.30305854
2008/2/6,14.92930308
2008/2/7,10.71241316
2008/2/8,19.79858179
2008/2/9,10.38149131
2008/2/10,20.12004873
2008/2/11,21.41537142
2008/2/12,13.95544733
2008/2/13,18.82472604
2008/2/14,13.63398039
2008/2/15,9.738557421
2008/2/16,16.87701456
2008/2/17,8.433779825
2008/2/18,12.66012465
2008/2/19,10.71241316
2008/2/20,10.71241316
2008/2/21,12.00773585
2008/2/22,15.25077002
2008/2/23,18.82472604
2008/2/24,6.164601397
2008/2/25,9.086168623
2008/2/26,12.98159159
2008/2/27,17.51994845
2008/2/28,9.407635567
2008/2/29,16.87701456
2008/3/1,21.74629327
2008/3/2,16.87701456
2008/3/3,6.486068341
2008/3/4,14.27691428
2008/3/5,14.92930308
2008/3/6,10.71241316
2008/3/7,18.17233725
2008/3/8,4.547811767
2008/3/9,4.216889913
2008/3/10,11.35534705
2008/3/11,7.790845937
2008/3/12,6.816990195
2008/3/13,9.407635567
2008/3/14,4.216889913
2008/3/15,19.46765993
2008/3/16,11.03388011
2008/3/17,10.38149131
2008/3/18,12.00773585
2008/3/19,9.738557421
2008/3/20,15.25077002
2008/3/21,11.35534705
2008/3/22,13.30305854
2008/3/23,4.216889913
2008/3/24,5.190745655
2008/3/25,8.112312881
2008/3/26,8.112312881
2008/3/27,11.03388011
2008/3/28,11.35534705
2008/3/29,4.547811767
2008/3/30,10.71241316
2008/3/31,12.00773585
2008/4/1,13.63398039
2008/4/2,9.407635567
2008/4/3,21.09390447
2008/4/4,8.112312881
2008/4/5,4.216889913
2008/4/6,8.433779825
2008/4/7,11.35534705
2008/4/8,6.486068341
2008/4/9,6.816990195
2008/4/10,12.98159159
2008/4/11,11.03388011
2008/4/12,4.216889913
2008/4/13,8.112312881
2008/4/14,7.459924083
2008/4/15,7.790845937
2008/4/16,2.600100282
2008/4/17,7.459924083
2008/4/18,5.190745655
2008/4/19,6.164601397
2008/4/20,4.216889913
2008/4/21,6.164601397
2008/4/22,3.895422969
2008/4/23,3.895422969
2008/4/24,7.790845937
2008/4/25,8.112312881
2008/4/26,8.112312881
2008/4/27,8.112312881
2008/4/28,10.71241316
2008/4/29,3.573956025
2008/4/30,3.895422969
2008/5/1,5.512212599
2008/5/2,4.216889913
2008/5/3,8.433779825
2008/5/4,9.407635567
2008/5/5,12.32920279
2008/5/6,5.512212599
2008/5/7,7.138457139
2008/5/8,4.869278711
2008/5/9,8.764701679
2008/5/10,16.87701456
2008/5/11,7.790845937
2008/5/12,7.138457139
2008/5/13,13.30305854
2008/5/14,11.03388011
2008/5/15,2.600100282
2008/5/16,5.190745655
2008/5/17,20.12004873
2008/5/18,
2008/5/19,5.843134453
2008/5/20,4.869278711
2008/5/21,7.459924083
2008/5/22,4.869278711
2008/5/23,6.164601397
2008/5/24,5.843134453
2008/5/25,5.843134453
2008/5/26,2.269178428
2008/5/27,2.269178428
2008/5/28,3.573956025
2008/5/29,3.573956025
2008/5/30,6.164601397
2008/5/31,3.895422969
2008/6/1,6.164601397
2008/6/2,4.547811767
2008/6/3,10.38149131
2008/6/4,4.869278711
2008/6/5,7.138457139
2008/6/6,4.869278711
2008/6/7,8.112312881
2008/6/8,7.459924083
2008/6/9,9.086168623
2008/6/10,2.269178428
2008/6/11,2.600100282
2008/6/12,7.138457139
2008/6/13,5.190745655
2008/6/14,8.112312881
2008/6/15,
2008/6/16,8.112312881
2008/6/17,3.573956025
2008/6/18,3.573956025
2008/6/19,4.869278711
2008/6/20,6.164601397
2008/6/21,7.790845937
2008/6/22,7.459924083
2008/6/23,3.573956025
2008/6/24,4.869278711
2008/6/25,11.03388011
2008/6/26,4.869278711
2008/6/27,3.895422969
2008/6/28,7.790845937
2008/6/29,9.086168623
2008/6/30,9.407635567
2008/7/1,5.502757689
2008/7/2,5.502757689
2008/7/3,2.751378844
2008/7/4,2.751378844
2008/7/5,
2008/7/6,11.4026216
2008/7/7,3.933242609
2008/7/8,5.115106374
2008/7/9,13.75689422
2008/7/10,3.933242609
2008/7/11,7.081727678
2008/7/12,9.038894073
2008/7/13,11.00551538
2008/7/14,2.751378844
2008/7/15,11.79972783
2008/7/16,3.933242609
2008/7/17,3.933242609
2008/7/18,4.320893924
2008/7/19,9.038894073
2008/7/20,9.436000298
2008/7/21,5.899863914
2008/7/22,6.684621453
2008/7/23,3.933242609
2008/7/24,2.751378844
2008/7/25,2.751378844
2008/7/26,4.718000149
2008/7/27,9.038894073
2008/7/28,12.97213668
2008/7/29,3.933242609
2008/7/30,6.684621453
2008/7/31,2.751378844
2008/8/1,5.899863914
2008/8/2,4.320893924
2008/8/3,17.69013683
2008/8/4,3.933242609
2008/8/5,9.038894073
2008/8/6,2.751378844
2008/8/7,5.502757689
2008/8/8,2.751378844
2008/8/9,9.038894073
2008/8/10,
2008/8/11,7.081727678
2008/8/12,3.148485069
2008/8/13,6.684621453
2008/8/14,3.536136384
2008/8/15,9.038894073
2008/8/16,9.436000298
2008/8/17,4.320893924
2008/8/18,13.36924291
2008/8/19,7.866485218
2008/8/20,5.502757689
2008/8/21,8.254136533
2008/8/22,18.08724306
2008/8/23,6.287515228
2008/8/24,8.651242758
2008/8/25,14.15400045
2008/8/26,10.22075784
2008/8/27,5.115106374
2008/8/28,10.22075784
2008/8/29,3.933242609
2008/8/30,3.933242609
2008/8/31,4.320893924
2008/9/1,9.038894073
2008/9/2,9.038894073
2008/9/3,9.038894073
2008/9/4,11.4026216
2008/9/5,9.436000298
2008/9/6,10.61786406
2008/9/7,8.254136533
2008/9/8,7.469378993
2008/9/9,14.93875799
2008/9/10,9.038894073
2008/9/11,18.08724306
2008/9/12,10.61786406
2008/9/13,14.93875799
2008/9/14,6.684621453
2008/9/15,16.51772798
2008/9/16,7.469378993
2008/9/17,14.15400045
2008/9/18,9.038894073
2008/9/19,3.933242609
2008/9/20,3.933242609
2008/9/21,20.20514292
2008/9/22,12.97213668
2008/9/23,18.08724306
2008/9/24,9.038894073
2008/9/25,14.55110667
2008/9/26,10.61786406
2008/9/27,12.18737914
2008/9/28,16.51772798
2008/9/29,9.833106523
2008/9/30,19.26910682
2008/10/1,13.36924291
2008/10/2,10.22075784
2008/10/3,18.8720006
2008/10/4,20.8386219
2008/10/5,19.65675814
2008/10/6,19.26910682
2008/10/7,12.58448537
2008/10/8,16.12062175
2008/10/9,11.4026216
2008/10/10,13.36924291
2008/10/11,22.40813698
2008/10/12,31.05937974
2008/10/13,25.95372827
2008/10/14,19.26910682
2008/10/15,23.98710697
2008/10/16,19.26910682
2008/10/17,18.08724306
2008/10/18,23.98710697
2008/10/19,14.15400045
2008/10/20,14.55110667
2008/10/21,14.58892631
2008/10/22,14.93875799
2008/10/23,20.04440945
2008/10/24,11.69572382
2008/10/25,14.15400045
2008/10/26,23.59000074
2008/10/27,20.44151567
2008/10/28,16.90537929
2008/10/29,16.17735121
2008/10/30,14.93875799
2008/10/31,14.55110667
2008/11/1,23.19289452
2008/11/2,35.15335582
2008/11/3,18.8720006
2008/11/4,14.93875799
2008/11/5,15.33586421
2008/11/6,20.05386436
2008/11/7,27.52324335
2008/11/8,21.42482633
2008/11/9,29.48986466
2008/11/10,22.02048566
2008/11/11,17.30248552
2008/11/12,24.77186451
2008/11/13,31.05937974
2008/11/14,29.87751597
2008/11/15,23.98710697
2008/11/16,29.09275843
2008/11/17,18.08724306
2008/11/18,20.05386436
2008/11/19,12.58448537
2008/11/20,24.37475828
2008/11/21,27.91089467
2008/11/22,22.8052432
2008/11/23,23.98710697
2008/11/24,19.54329921
2008/11/25,15.72351553
2008/11/26,11.4026216
2008/11/27,24.32748373
2008/11/28,26.73848581
2008/11/29,23.98710697
2008/11/30,22.40813698
2008/12/1,23.24016907
2008/12/2,28.30800089
2008/12/3,23.93037751
2008/12/4,26.34137959
2008/12/5,28.30800089
2008/12/6,34.59551612
2008/12/7,20.44151567
2008/12/8,24.37475828
2008/12/9,23.19289452
2008/12/10,36.56213743
2008/12/11,22.74851374
2008/12/12,19.65675814
2008/12/13,22.40813698
2008/12/14,13.75689422
2008/12/15,23.19289452
2008/12/16,23.93037751
2008/12/17,15.27913475
2008/12/18,14.15400045
2008/12/19,25.95372827
2008/12/20,12.58448537
2008/12/21,8.660697668
2008/12/22,9.038894073
2008/12/23,11.39316669
2008/12/24,8.254136533
2008/12/25,17.35921498
2008/12/26,27.12613713
2008/12/27,23.59000074
2008/12/28,27.52324335
2008/12/29,27.52324335
2008/12/30,11.4026216
2008/12/31,11.79972783
2009/1/1,4.84091398
2009/1/2,6.353699599
2009/1/3,13.32196836
2009/1/4,11.80918274
2009/1/5,10.89205646
2009/1/6,10.58949933
2009/1/7,13.62452548
2009/1/8,18.46543946
2009/1/9,19.97822508
2009/1/10,9.379270837
2009/1/11,18.46543946
2009/1/12,14.22963973
2009/1/13,14.22963973
2009/1/14,15.43986822
2009/1/15,16.65009672
2009/1/16,16.95265384
2009/1/17,16.95265384
2009/1/18,30.26516729
2009/1/19,20.2807822
2009/1/20,17.25521097
2009/1/21,10.58949933
2009/1/22,25.42425331
2009/1/23,23.91146769
2009/1/24,12.11173986
2009/1/25,19.67566796
2009/1/26,13.9270826
2009/1/27,21.4910107
2009/1/28,15.1373111
2009/1/29,14.22963973
2009/1/30,8.774156589
2009/1/31,13.01941123
2009/2/1,13.62452548
2009/2/2,11.80918274
2009/2/3,17.55776809
2009/2/4,16.95265384
2009/2/5,11.19461358
2009/2/6,8.774156589
2009/2/7,15.1373111
2009/2/8,14.83475398
2009/2/9,12.71685411
2009/2/10,9.379270837
2009/2/11,14.83475398
2009/2/12,16.04498247
2009/2/13,17.55776809
2009/2/14,15.1373111
2009/2/15,6.051142475
2009/2/16,8.471599466
2009/2/17,8.471599466
2009/2/18,12.41429698
2009/2/19,7.563928094
2009/2/20,9.984385085
2009/2/21,15.74242535
2009/2/22,10.89205646
2009/2/23,8.471599466
2009/2/24,6.656256723
2009/2/25,11.50662561
2009/2/26,9.681827961
2009/2/27,7.866485218
2009/2/28,9.379270837
2009/3/1,9.076713713
2009/3/2,6.656256723
2009/3/3,17.86032521
2009/3/4,7.563928094
2009/3/5,7.563928094
2009/3/6,13.62452548
2009/3/7,4.538356857
2009/3/8,6.051142475
2009/3/9,12.71685411
2009/3/10,9.379270837
2009/3/11,11.50662561
2009/3/12,8.471599466
2009/3/13,7.866485218
2009/3/14,8.774156589
2009/3/15,9.076713713
2009/3/16,10.28694221
2009/3/17,11.19461358
2009/3/18,6.656256723
2009/3/19,5.748585352
2009/3/20,7.261370971
2009/3/21,6.353699599
2009/3/22,11.50662561
2009/3/23,3.630685485
2009/3/24,6.656256723
2009/3/25,14.53219685
2009/3/26,7.866485218
2009/3/27,6.051142475
2009/3/28,4.538356857
2009/3/29,21.79356782
2009/3/30,10.28694221
2009/3/31,4.84091398
2009/4/1,7.866485218
2009/4/2,10.58949933
2009/4/3,6.051142475
2009/4/4,7.563928094
2009/4/5,7.866485218
2009/4/6,6.656256723
2009/4/7,2.723014114
2009/4/8,5.748585352
2009/4/9,6.958813847
2009/4/10,6.353699599
2009/4/11,10.89205646
2009/4/12,
2009/4/13,5.446028228
2009/4/14,6.353699599
2009/4/15,3.933242609
2009/4/16,5.748585352
2009/4/17,5.748585352
2009/4/18,3.025571238
2009/4/19,
2009/4/20,2.723014114
2009/4/21,5.446028228
2009/4/22,4.84091398
2009/4/23,4.538356857
2009/4/24,4.84091398
2009/4/25,2.723014114
2009/4/26,3.025571238
2009/4/27,3.630685485
2009/4/28,4.538356857
2009/4/29,2.723014114
2009/4/30,8.774156589
2009/5/1,10.89205646
2009/5/2,7.563928094
2009/5/3,6.656256723
2009/5/4,
2009/5/5,5.446028228
2009/5/6,9.984385085
2009/5/7,12.41429698
2009/5/8,5.446028228
2009/5/9,6.958813847
2009/5/10,5.748585352
2009/5/11,6.051142475
2009/5/12,5.143471104
2009/5/13,6.958813847
2009/5/14,5.446028228
2009/5/15,5.446028228
2009/5/16,6.958813847
2009/5/17,2.723014114
2009/5/18,5.143471104
2009/5/19,4.235799733
2009/5/20,4.538356857
2009/5/21,6.051142475
2009/5/22,8.169042342
2009/5/23,2.723014114
2009/5/24,2.723014114
2009/5/25,1.815342743
2009/5/26,4.235799733
2009/5/27,4.538356857
2009/5/28,8.471599466
2009/5/29,8.169042342
2009/5/30,8.169042342
2009/5/31,
2009/6/1,5.143471104
2009/6/2,2.723014114
2009/6/3,3.630685485
2009/6/4,4.235799733
2009/6/5,5.446028228
2009/6/6,2.723014114
2009/6/7,4.235799733
2009/6/8,4.84091398
2009/6/9,6.051142475
2009/6/10,7.866485218
2009/6/11,3.328128362
2009/6/12,5.446028228
2009/6/13,6.958813847
2009/6/14,5.446028228
2009/6/15,4.84091398
2009/6/16,3.328128362
2009/6/17,5.143471104
2009/6/18,5.143471104
2009/6/19,5.446028228
2009/6/20,
2009/6/21,
2009/6/22,4.235799733
2009/6/23,5.143471104
2009/6/24,3.630685485
2009/6/25,5.143471104
2009/6/26,3.630685485
2009/6/27,5.748585352
2009/6/28,9.379270837
2009/6/29,1.815342743
2009/6/30,2.42045699
2009/7/1,3.706324766
2009/7/2,2.363727529
2009/7/3,1.352052147
2009/7/4,4.04670153
2009/7/5,
2009/7/6,2.363727529
2009/7/7,1.682974001
2009/7/8,2.363727529
2009/7/9,3.706324766
2009/7/10,1.352052147
2009/7/11,2.023350765
2009/7/12,7.081727678
2009/7/13,4.04670153
2009/7/14,2.363727529
2009/7/15,2.023350765
2009/7/16,1.711338731
2009/7/17,5.729675531
2009/7/18,3.035026148
2009/7/19,4.377623385
2009/7/20,1.682974001
2009/7/21,4.718000149
2009/7/22,3.035026148
2009/7/23,3.706324766
2009/7/24,4.377623385
2009/7/25,3.035026148
2009/7/26,4.04670153
2009/7/27,5.729675531
2009/7/28,2.363727529
2009/7/29,3.035026148
2009/7/30,1.682974001
2009/7/31,3.706324766
2009/8/1,
2009/8/2,4.04670153
2009/8/3,5.389298767
2009/8/4,1.352052147
2009/8/5,1.352052147
2009/8/6,5.389298767
2009/8/7,5.058376913
2009/8/8,5.058376913
2009/8/9,2.023350765
2009/8/10,3.706324766
2009/8/11,2.363727529
2009/8/12,2.023350765
2009/8/13,3.035026148
2009/8/14,4.718000149
2009/8/15,2.023350765
2009/8/16,4.04670153
2009/8/17,3.706324766
2009/8/18,3.035026148
2009/8/19,3.035026148
2009/8/20,1.682974001
2009/8/21,3.706324766
2009/8/22,2.023350765
2009/8/23,4.04670153
2009/8/24,2.363727529
2009/8/25,5.389298767
2009/8/26,4.377623385
2009/8/27,3.035026148
2009/8/28,6.070052296
2009/8/29,
2009/8/30,
2009/8/31,4.377623385
2009/9/1,4.04670153
2009/9/2,6.741350914
2009/9/3,8.764701679
2009/9/4,6.741350914
2009/9/5,6.741350914
2009/9/6,3.706324766
2009/9/7,8.764701679
2009/9/8,4.718000149
2009/9/9,5.389298767
2009/9/10,4.718000149
2009/9/11,5.389298767
2009/9/12,9.095623533
2009/9/13,4.718000149
2009/9/14,4.595086317
2009/9/15,6.40097415
2009/9/16,3.035026148
2009/9/17,5.389298767
2009/9/18,7.081727678
2009/9/19,7.412649532
2009/9/20,9.095623533
2009/9/21,9.776377062
2009/9/22,4.377623385
2009/9/23,6.741350914
2009/9/24,9.776377062
2009/9/25,3.706324766
2009/9/26,7.081727678
2009/9/27,4.377623385
2009/9/28,6.741350914
2009/9/29,5.058376913
2009/9/30,5.729675531
2009/10/1,7.081727678
2009/10/2,8.424324915
2009/10/3,11.79972783
2009/10/4,9.095623533
2009/10/5,6.070052296
2009/10/6,10.44767568
2009/10/7,7.081727678
2009/10/8,9.095623533
2009/10/9,10.44767568
2009/10/10,7.412649532
2009/10/11,9.095623533
2009/10/12,10.10729892
2009/10/13,8.424324915
2009/10/14,7.081727678
2009/10/15,8.764701679
2009/10/16,7.412649532
2009/10/17,12.47102645
2009/10/18,4.377623385
2009/10/19,7.412649532
2009/10/20,9.095623533
2009/10/21,7.412649532
2009/10/22,5.729675531
2009/10/23,9.095623533
2009/10/24,10.78805244
2009/10/25,9.095623533
2009/10/26,10.10729892
2009/10/27,6.741350914
2009/10/28,4.718000149
2009/10/29,7.081727678
2009/10/30,12.13064968
2009/10/31,9.095623533
2009/11/1,7.412649532
2009/11/2,11.79972783
2009/11/3,14.78747942
2009/11/4,4.03724662
2009/11/5,11.69572382
2009/11/6,10.32476185
2009/11/7,11.79972783
2009/11/8,11.45935106
2009/11/9,13.69070985
2009/11/10,9.095623533
2009/11/11,6.741350914
2009/11/12,10.10729892
2009/11/13,5.947138464
2009/11/14,8.764701679
2009/11/15,10.78805244
2009/11/16,12.8019483
2009/11/17,14.49437721
2009/11/18,6.741350914
2009/11/19,12.13064968
2009/11/20,15.50605259
2009/11/21,4.718000149
2009/11/22,24.94205289
2009/11/23,10.44767568
2009/11/24,8.764701679
2009/11/25,12.13064968
2009/11/26,12.8019483
2009/11/27,12.47102645
2009/11/28,8.083948151
2009/11/29,15.16567583
2009/11/30,9.436000298
2009/12/1,7.412649532
2009/12/2,10.44767568
2009/12/3,14.49437721
2009/12/4,7.081727678
2009/12/5,10.44767568
2009/12/6,9.095623533
2009/12/7,8.424324915
2009/12/8,11.79972783
2009/12/9,10.10729892
2009/12/10,8.424324915
2009/12/11,6.40097415
2009/12/12,9.095623533
2009/12/13,4.377623385
2009/12/14,10.44767568
2009/12/15,9.65346323
2009/12/16,12.13064968
2009/12/17,8.083948151
2009/12/18,12.47102645
2009/12/19,10.44767568
2009/12/20,9.436000298
2009/12/21,12.8019483
2009/12/22,10.44767568
2009/12/23,4.04670153
2009/12/24,8.083948151
2009/12/25,7.081727678
2009/12/26,8.424324915
2009/12/27,6.741350914
2009/12/28,6.070052296
2009/12/29,7.412649532
2009/12/30,6.741350914
2009/12/31,4.377623385
2010/1/1,10.47604041
2010/1/2,7.289735701
2010/1/3,19.81749161
2010/1/4,20.27132729
2010/1/5,11.84700238
2010/1/6,9.114533354
2010/1/7,14.5794714
2010/1/8,17.08502258
2010/1/9,8.424324915
2010/1/10,19.59057376
2010/1/11,15.03330709
2010/1/12,16.6311869
2010/1/13,7.970489229
2010/1/14,10.70295825
2010/1/15,21.64228926
2010/1/16,13.67180003
2010/1/17,17.99269395
2010/1/18,17.31194043
2010/1/19,11.39316669
2010/1/20,7.062817858
2010/1/21,15.03330709
2010/1/22,11.16624885
2010/1/23,8.197407072
2010/1/24,22.77687847
2010/1/25,22.09612495
2010/1/26,5.238020205
2010/1/27,16.85810474
2010/1/28,12.98159159
2010/1/29,15.48714277
2010/1/30,13.43542728
2010/1/31,12.07392022
2010/2/1,16.17735121
2010/2/2,14.5794714
2010/2/3,7.062817858
2010/2/4,14.12563572
2010/2/5,12.98159159
2010/2/6,12.07392022
2010/2/7,11.84700238
2010/2/8,13.43542728
2010/2/9,12.07392022
2010/2/10,13.20850943
2010/2/11,17.31194043
2010/2/12,10.02220472
2010/2/13,13.43542728
2010/2/14,7.062817858
2010/2/15,15.94097846
2010/2/16,6.38206433
2010/2/17,12.75467375
2010/2/18,14.12563572
2010/2/19,12.30083806
2010/2/20,9.341451197
2010/2/21,10.70295825
2010/2/22,10.24912257
2010/2/23,8.660697668
2010/2/24,10.70295825
2010/2/25,7.970489229
2010/2/26,10.02220472
2010/2/27,6.608982172
2010/2/28,7.743571387
2010/3/1,6.835900015
2010/3/2,9.568369039
2010/3/3,4.557266677
2010/3/4,11.39316669
2010/3/5,14.80638924
2010/3/6,9.114533354
2010/3/7,6.38206433
2010/3/8,6.145691577
2010/3/9,7.743571387
2010/3/10,7.062817858
2010/3/11,13.89871787
2010/3/12,10.02220472
2010/3/13,5.238020205
2010/3/14,3.876513148
2010/3/15,6.835900015
2010/3/16,5.238020205
2010/3/17,7.062817858
2010/3/18,8.887615511
2010/3/19,4.557266677
2010/3/20,4.103430991
2010/3/21,8.424324915
2010/3/22,2.505551181
2010/3/23,6.835900015
2010/3/24,7.970489229
2010/3/25,7.970489229
2010/3/26,4.78418452
2010/3/27,2.732469024
2010/3/28,13.67180003
2010/3/29,6.145691577
2010/3/30,8.887615511
2010/3/31,11.16624885
2010/4/1,3.876513148
2010/4/2,1.824797653
2010/4/3,5.691855891
2010/4/4,12.75467375
2010/4/5,6.835900015
2010/4/6,5.238020205
2010/4/7,1.824797653
2010/4/8,7.970489229
2010/4/9,3.640140395
2010/4/10,13.43542728
2010/4/11,5.238020205
2010/4/12,5.011102362
2010/4/13,2.505551181
2010/4/14,7.062817858
2010/4/15,7.062817858
2010/4/16,7.289735701
2010/4/17,5.238020205
2010/4/18,
2010/4/19,8.424324915
2010/4/20,5.011102362
2010/4/21,5.238020205
2010/4/22,11.84700238
2010/4/23,7.062817858
2010/4/24,6.608982172
2010/4/25,7.970489229
2010/4/26,1.59787981
2010/4/27,4.103430991
2010/4/28,4.330348834
2010/4/29,4.78418452
2010/4/30,6.835900015
2010/5/1,5.691855891
2010/5/2,6.145691577
2010/5/3,4.103430991
2010/5/4,
2010/5/5,7.289735701
2010/5/6,2.505551181
2010/5/7,2.732469024
2010/5/8,8.887615511
2010/5/9,5.238020205
2010/5/10,5.918773734
2010/5/11,5.918773734
2010/5/12,1.824797653
2010/5/13,3.413222553
2010/5/14,4.557266677
2010/5/15,7.970489229
2010/5/16,2.505551181
2010/5/17,5.691855891
2010/5/18,2.505551181
2010/5/19,2.505551181
2010/5/20,5.011102362
2010/5/21,5.238020205
2010/5/22,2.732469024
2010/5/23,5.011102362
2010/5/24,2.505551181
2010/5/25,5.011102362
2010/5/26,5.918773734
2010/5/27,1.59787981
2010/5/28,2.732469024
2010/5/29,5.238020205
2010/5/30,5.238020205
2010/5/31,3.18630471
2010/6/1,5.011102362
2010/6/2,5.011102362
2010/6/3,5.011102362
2010/6/4,6.145691577
2010/6/5,6.608982172
2010/6/6,2.732469024
2010/6/7,5.691855891
2010/6/8,7.289735701
2010/6/9,5.011102362
2010/6/10,5.238020205
2010/6/11,3.640140395
2010/6/12,5.464938048
2010/6/13,
2010/6/14,4.78418452
2010/6/15,2.505551181
2010/6/16,5.238020205
2010/6/17,3.413222553
2010/6/18,5.238020205
2010/6/19,5.464938048
2010/6/20,4.103430991
2010/6/21,2.505551181
2010/6/22,3.413222553
2010/6/23,5.011102362
2010/6/24,3.413222553
2010/6/25,2.732469024
2010/6/26,2.732469024
2010/6/27,2.732469024
2010/6/28,5.691855891
2010/6/29,5.011102362
2010/6/30,5.238020205
2010/7/1,
2010/7/2,4.122340811
2010/7/3,5.833679543
2010/7/4,10.29639712
2010/7/5,3.772509137
2010/7/6,5.833679543
2010/7/7,5.833679543
2010/7/8,3.772509137
2010/7/9,6.864264746
2010/7/10,5.833679543
2010/7/11,5.833679543
2010/7/12,5.493302779
2010/7/13,7.554473184
2010/7/14,5.833679543
2010/7/15,6.864264746
2010/7/16,6.174056307
2010/7/17,11.66735909
2010/7/18,4.462717576
2010/7/19,2.40154717
2010/7/20,5.493302779
2010/7/21,4.80309434
2010/7/22,5.833679543
2010/7/23,3.091755609
2010/7/24,4.462717576
2010/7/25,2.741923934
2010/7/26,6.523887981
2010/7/27,5.493302779
2010/7/28,8.585058387
2010/7/29,2.741923934
2010/7/30,4.122340811
2010/7/31,7.20464151
2010/8/1,7.20464151
2010/8/2,3.772509137
2010/8/3,8.585058387
2010/8/4,4.80309434
2010/8/5,9.61564359
2010/8/6,2.061170406
2010/8/7,10.29639712
2010/8/8,3.091755609
2010/8/9,3.772509137
2010/8/10,5.833679543
2010/8/11,4.122340811
2010/8/12,8.585058387
2010/8/13,10.63677388
2010/8/14,4.462717576
2010/8/15,7.554473184
2010/8/16,5.152926014
2010/8/17,6.864264746
2010/8/18,9.61564359
2010/8/19,8.585058387
2010/8/20,6.174056307
2010/8/21,9.956020354
2010/8/22,8.585058387
2010/8/23,5.493302779
2010/8/24,4.80309434
2010/8/25,7.554473184
2010/8/26,8.585058387
2010/8/27,11.66735909
2010/8/28,11.32698232
2010/8/29,
2010/8/30,8.235226713
2010/8/31,5.493302779
2010/9/1,8.585058387
2010/9/2,11.32698232
2010/9/3,8.585058387
2010/9/4,9.61564359
2010/9/5,6.864264746
2010/9/6,12.69794429
2010/9/7,8.235226713
2010/9/8,10.98660556
2010/9/9,10.98660556
2010/9/10,11.66735909
2010/9/11,6.864264746
2010/9/12,9.265811916
2010/9/13,8.925435151
2010/9/14,9.956020354
2010/9/15,2.741923934
2010/9/16,10.29639712
2010/9/17,7.894849948
2010/9/18,13.72852949
2010/9/19,15.44932313
2010/9/20,9.61564359
2010/9/21,9.265811916
2010/9/22,11.32698232
2010/9/23,11.32698232
2010/9/24,16.47990834
2010/9/25,9.265811916
2010/9/26,17.50103863
2010/9/27,13.38815273
2010/9/28,10.98660556
2010/9/29,12.69794429
2010/9/30,17.16066186
2010/10/1,19.22183227
2010/10/2,23.68454985
2010/10/3,14.06890626
2010/10/4,16.47990834
2010/10/5,12.69794429
2010/10/6,17.16066186
2010/10/7,20.94262591
2010/10/8,19.56220903
2010/10/9,17.50103863
2010/10/10,13.04777596
2010/10/11,4.80309434
2010/10/12,14.06890626
2010/10/13,19.56220903
2010/10/14,24.02492661
2010/10/15,19.22183227
2010/10/16,16.47990834
2010/10/17,22.31358788
2010/10/18,11.32698232
2010/10/19,15.7896999
2010/10/20,20.59279424
2010/10/21,21.9637562
2010/10/22,24.02492661
2010/10/23,25.74572025
2010/10/24,23.68454985
2010/10/25,17.16066186
2010/10/26,32.26960823
2010/10/27,34.32132373
2010/10/28,30.88919136
2010/10/29,25.05551181
2010/10/30,29.85860615
2010/10/31,22.65396464
2010/11/1,27.80689066
2010/11/2,21.9637562
2010/11/3,20.94262591
2010/11/4,20.25241747
2010/11/5,18.88145551
2010/11/6,17.16066186
2010/11/7,16.13007666
2010/11/8,23.68454985
2010/11/9,20.59279424
2010/11/10,15.09949146
2010/11/11,20.94262591
2010/11/12,24.37475828
2010/11/13,19.91204071
2010/11/14,16.13007666
2010/11/15,25.74572025
2010/11/16,20.59279424
2010/11/17,21.9637562
2010/11/18,29.85860615
2010/11/19,20.94262591
2010/11/20,13.72852949
2010/11/21,20.94262591
2010/11/22,29.85860615
2010/11/23,20.59279424
2010/11/24,22.65396464
2010/11/25,25.74572025
2010/11/26,18.19124707
2010/11/27,18.53162383
2010/11/28,13.38815273
2010/11/29,14.41873793
2010/11/30,16.13007666
2010/12/1,12.35756752
2010/12/2,20.94262591
2010/12/3,18.19124707
2010/12/4,16.13007666
2010/12/5,22.31358788
2010/12/6,24.02492661
2010/12/7,19.22183227
2010/12/8,25.39588858
2010/12/9,24.71513505
2010/12/10,24.02492661
2010/12/11,15.09949146
2010/12/12,21.28300268
2010/12/13,24.71513505
2010/12/14,17.16066186
2010/12/15,19.56220903
2010/12/16,30.54881459
2010/12/17,18.88145551
2010/12/18,25.74572025
2010/12/19,13.04777596
2010/12/20,16.13007666
2010/12/21,14.41873793
2010/12/22,19.91204071
2010/12/23,14.06890626
2010/12/24,15.7896999
2010/12/25,23.68454985
2010/12/26,22.31358788
2010/12/27,19.91204071
2010/12/28,14.06890626
2010/12/29,19.22183227
2010/12/30,10.63677388
2010/12/31,14.41873793
2011/1/1,11.46880597
2011/1/2,10.81641717
2011/1/3,13.43542728
2011/1/4,19.65675814
2011/1/5,16.38535923
2011/1/6,19.33529119
2011/1/7,19.65675814
2011/1/8,22.60669009
2011/1/9,18.67344748
2011/1/10,21.29245759
2011/1/11,16.38535923
2011/1/12,28.17563215
2011/1/13,28.17563215
2011/1/14,21.62337944
2011/1/15,28.50655401
2011/1/16,29.1589428
2011/1/17,32.43979661
2011/1/18,26.5399327
2011/1/19,23.59000074
2011/1/20,22.27576824
2011/1/21,18.02105868
2011/1/22,22.93761195
2011/1/23,32.76126356
2011/1/24,19.65675814
2011/1/25,21.29245759
2011/1/26,17.69013683
2011/1/27,14.08781608
2011/1/28,17.69013683
2011/1/29,19.00436934
2011/1/30,20.64006879
2011/1/31,16.05443738
2011/2/1,20.31860184
2011/2/2,16.05443738
2011/2/3,16.70682618
2011/2/4,28.17563215
2011/2/5,16.38535923
2011/2/6,21.95430129
2011/2/7,16.70682618
2011/2/8,19.65675814
2011/2/9,16.70682618
2011/2/10,17.03774803
2011/2/11,24.90423325
2011/2/12,25.22570019
2011/2/13,20.31860184
2011/2/14,13.43542728
2011/2/15,15.07112673
2011/2/16,17.03774803
2011/2/17,16.05443738
2011/2/18,13.10450542
2011/2/19,28.83747586
2011/2/20,24.24238954
2011/2/21,14.08781608
2011/2/22,19.00436934
2011/2/23,19.33529119
2011/2/24,12.12119477
2011/2/25,12.45211663
2011/2/26,17.69013683
2011/2/27,15.07112673
2011/2/28,11.79972783
2011/3/1,8.187952162
2011/3/2,14.41873793
2011/3/3,15.07112673
2011/3/4,13.10450542
2011/3/5,16.70682618
2011/3/6,11.13788412
2011/3/7,13.43542728
2011/3/8,7.535563364
2011/3/9,11.13788412
2011/3/10,15.72351553
2011/3/11,6.221330858
2011/3/12,3.602320755
2011/3/13,2.297543159
2011/3/14,4.916553261
2011/3/15,3.602320755
2011/3/16,9.502184669
2011/3/17,4.916553261
2011/3/18,7.20464151
2011/3/19,12.45211663
2011/3/20,7.866485218
2011/3/21,9.502184669
2011/3/22,7.20464151
2011/3/23,8.84979587
2011/3/24,5.568942059
2011/3/25,10.15457347
2011/3/26,7.535563364
2011/3/27,8.518874016
2011/3/28,11.79972783
2011/3/29,9.171262814
2011/3/30,6.552252712
2011/3/31,6.552252712
2011/4/1,11.13788412
2011/4/2,11.46880597
2011/4/3,10.48549532
2011/4/4,7.535563364
2011/4/5,9.171262814
2011/4/6,5.238020205
2011/4/7,4.916553261
2011/4/8,7.20464151
2011/4/9,5.568942059
2011/4/10,5.568942059
2011/4/11,7.866485218
2011/4/12,4.254709553
2011/4/13,7.20464151
2011/4/14,6.552252712
2011/4/15,11.79972783
2011/4/16,9.502184669
2011/4/17,7.535563364
2011/4/18,6.883174566
2011/4/19,9.171262814
2011/4/20,10.15457347
2011/4/21,10.48549532
2011/4/22,7.866485218
2011/4/23,6.221330858
2011/4/24,7.20464151
2011/4/25,11.46880597
2011/4/26,2.949931957
2011/4/27,3.602320755
2011/4/28,13.10450542
2011/4/29,11.79972783
2011/4/30,4.585631407
2011/5/1,6.221330858
2011/5/2,7.535563364
2011/5/3,4.585631407
2011/5/4,8.84979587
2011/5/5,3.602320755
2011/5/6,13.10450542
2011/5/7,6.883174566
2011/5/8,8.187952162
2011/5/9,7.20464151
2011/5/10,6.221330858
2011/5/11,8.84979587
2011/5/12,9.171262814
2011/5/13,7.535563364
2011/5/14,11.79972783
2011/5/15,4.585631407
2011/5/16,7.866485218
2011/5/17,5.899863914
2011/5/18,6.221330858
2011/5/19,11.46880597
2011/5/20,7.535563364
2011/5/21,7.866485218
2011/5/22,6.552252712
2011/5/23,7.535563364
2011/5/24,3.933242609
2011/5/25,4.585631407
2011/5/26,5.238020205
2011/5/27,10.81641717
2011/5/28,5.899863914
2011/5/29,6.552252712
2011/5/30,4.585631407
2011/5/31,5.238020205
2011/6/1,5.238020205
2011/6/2,6.221330858
2011/6/3,5.899863914
2011/6/4,6.221330858
2011/6/5,5.899863914
2011/6/6,6.221330858
2011/6/7,4.254709553
2011/6/8,8.84979587
2011/6/9,3.933242609
2011/6/10,5.238020205
2011/6/11,4.254709553
2011/6/12,6.552252712
2011/6/13,6.883174566
2011/6/14,7.535563364
2011/6/15,6.552252712
2011/6/16,6.552252712
2011/6/17,7.866485218
2011/6/18,6.552252712
2011/6/19,4.916553261
2011/6/20,8.518874016
2011/6/21,2.619010103
2011/6/22,4.585631407
2011/6/23,5.238020205
2011/6/24,3.933242609
2011/6/25,6.552252712
2011/6/26,8.84979587
2011/6/27,6.552252712
2011/6/28,5.899863914
2011/6/29,5.899863914
2011/6/30,7.535563364
2011/7/1,6.070052296
2011/7/2,5.559487149
2011/7/3,4.04670153
2011/7/4,5.559487149
2011/7/5,5.058376913
2011/7/6,6.070052296
2011/7/7,9.095623533
2011/7/8,10.10729892
2011/7/9,7.582837915
2011/7/10,7.582837915
2011/7/11,8.083948151
2011/7/12,13.14232506
2011/7/13,6.571162532
2011/7/14,7.582837915
2011/7/15,6.070052296
2011/7/16,4.04670153
2011/7/17,5.559487149
2011/7/18,5.058376913
2011/7/19,6.571162532
2011/7/20,4.04670153
2011/7/21,9.60618868
2011/7/22,5.559487149
2011/7/23,4.04670153
2011/7/24,4.04670153
2011/7/25,3.035026148
2011/7/26,4.04670153
2011/7/27,9.60618868
2011/7/28,5.559487149
2011/7/29,8.083948151
2011/7/30,7.081727678
2011/7/31,5.058376913
2011/8/1,9.095623533
2011/8/2,6.070052296
2011/8/3,7.081727678
2011/8/4,7.582837915
2011/8/5,9.60618868
2011/8/6,4.04670153
2011/8/7,3.035026148
2011/8/8,8.083948151
2011/8/9,4.547811767
2011/8/10,8.594513297
2011/8/11,12.13064968
2011/8/12,10.10729892
2011/8/13,8.083948151
2011/8/14,7.081727678
2011/8/15,9.095623533
2011/8/16,5.559487149
2011/8/17,8.594513297
2011/8/18,4.547811767
2011/8/19,31.84413728
2011/8/20,21.23572812
2011/8/21,17.18902659
2011/8/22,14.15400045
2011/8/23,11.62953945
2011/8/24,13.14232506
2011/8/25,20.72516298
2011/8/26,9.60618868
2011/8/27,9.095623533
2011/8/28,16.17735121
2011/8/29,8.594513297
2011/8/30,13.65289021
2011/8/31,15.16567583
2011/9/1,21.23572812
2011/9/2,15.16567583
2011/9/3,17.69013683
2011/9/4,28.81856604
2011/9/5,19.21237736
2011/9/6,26.79521527
2011/9/7,19.7134876
2011/9/8,15.16567583
2011/9/9,17.18902659
2011/9/10,19.21237736
2011/9/11,12.64121483
2011/9/12,13.65289021
2011/9/13,9.60618868
2011/9/14,10.10729892
2011/9/15,10.61786406
2011/9/16,21.23572812
2011/9/17,11.1189743
2011/9/18,10.10729892
2011/9/19,27.80689066
2011/9/20,20.22405274
2011/9/21,12.64121483
2011/9/22,14.15400045
2011/9/23,20.22405274
2011/9/24,18.70181221
2011/9/25,13.65289021
2011/9/26,22.2379486
2011/9/27,27.80689066
2011/9/28,22.2379486
2011/9/29,20.22405274
2011/9/30,24.26129936
2011/10/1,44.4853521
2011/10/2,31.34302704
2011/10/3,34.37805319
2011/10/4,33.36637781
2011/10/5,50.5554044
2011/10/6,23.76018913
2011/10/7,29.82078651
2011/10/8,33.86748804
2011/10/9,33.86748804
2011/10/10,30.83246189
2011/10/11,24.77186451
2011/10/12,28.81856604
2011/10/13,31.34302704
2011/10/14,36.40140395
2011/10/15,36.40140395
2011/10/16,25.27297475
2011/10/17,19.7134876
2011/10/18,21.23572812
2011/10/19,44.4853521
2011/10/20,37.40362443
2011/10/21,33.36637781
2011/10/22,34.37805319
2011/10/23,28.30800089
2011/10/24,32.85581266
2011/10/25,22.74851374
2011/10/26,30.83246189
2011/10/27,40.43865057
2011/10/28,29.82078651
2011/10/29,32.85581266
2011/10/30,39.42697519
2011/10/31,32.85581266
2011/11/1,35.89083881
2011/11/2,42.97256649
2011/11/3,26.79521527
2011/11/4,38.41529981
2011/11/5,34.37805319
2011/11/6,25.27297475
2011/11/7,28.81856604
2011/11/8,27.80689066
2011/11/9,34.37805319
2011/11/10,28.81856604
2011/11/11,31.34302704
2011/11/12,43.47367672
2011/11/13,41.45032596
2011/11/14,36.90251419
2011/11/15,37.40362443
2011/11/16,41.45032596
2011/11/17,37.40362443
2011/11/18,46.50870287
2011/11/19,38.92586496
2011/11/20,32.85581266
2011/11/21,41.45032596
2011/11/22,30.83246189
2011/11/23,46.50870287
2011/11/24,28.81856604
2011/11/25,33.36637781
2011/11/26,39.42697519
2011/11/27,37.40362443
2011/11/28,41.9608911
2011/11/29,31.34302704
2011/11/30,31.34302704
2011/12/1,35.89083881
2011/12/2,45.49702749
2011/12/3,35.89083881
2011/12/4,31.84413728
2011/12/5,35.38972857
2011/12/6,33.36637781
2011/12/7,37.40362443
2011/12/8,33.36637781
2011/12/9,31.84413728
2011/12/10,39.42697519
2011/12/11,33.36637781
2011/12/12,39.42697519
2011/12/13,31.34302704
2011/12/14,34.87916343
2011/12/15,28.81856604
2011/12/16,34.37805319
2011/12/17,33.86748804
2011/12/18,34.87916343
2011/12/19,37.40362443
2011/12/20,38.92586496
2011/12/21,26.79521527
2011/12/22,29.82078651
2011/12/23,34.37805319
2011/12/24,17.69013683
2011/12/25,26.79521527
2011/12/26,32.85581266
2011/12/27,26.79521527
2011/12/28,26.28465013
2011/12/29,31.34302704
2011/12/30,25.78353989
2011/12/31,20.22405274
2012/1/1,17.58613282
2012/1/2,12.55612064
2012/1/3,12.55612064
2012/1/4,19.73239742
2012/1/5,25.12169618
2012/1/6,25.84026935
2012/1/7,24.7624096
2012/1/8,25.12169618
2012/1/9,21.88811692
2012/1/10,17.9454194
2012/1/11,26.91812911
2012/1/12,26.91812911
2012/1/13,26.19955594
2012/1/14,29.0643937
2012/1/15,27.98653395
2012/1/16,29.0643937
2012/1/17,18.30470599
2012/1/18,24.04383643
2012/1/19,27.62724736
2012/1/20,25.84026935
2012/1/21,27.62724736
2012/1/22,27.62724736
2012/1/23,22.96597668
2012/1/24,25.48098277
2012/1/25,29.0643937
2012/1/26,27.62724736
2012/1/27,30.86082662
2012/1/28,27.26796078
2012/1/29,35.8813839
2012/1/30,24.04383643
2012/1/31,24.7624096
2012/2/1,25.84026935
2012/2/2,26.55884252
2012/2/3,21.16954375
2012/2/4,24.04383643
2012/2/5,23.32526326
2012/2/6,33.7351193
2012/2/7,22.60669009
2012/2/8,19.73239742
2012/2/9,20.091684
2012/2/10,20.45097059
2012/2/11,24.40312301
2012/2/12,21.52883034
2012/2/13,21.88811692
2012/2/14,13.63398039
2012/2/15,18.30470599
2012/2/16,26.19955594
2012/2/17,25.48098277
2012/2/18,22.24740351
2012/2/19,20.45097059
2012/2/20,22.96597668
2012/2/21,21.16954375
2012/2/22,27.62724736
2012/2/23,20.81025717
2012/2/24,16.14898648
2012/2/25,19.73239742
2012/2/26,20.091684
2012/2/27,15.7896999
2012/2/28,16.14898648
2012/2/29,16.50827307
2012/3/1,21.52883034
2012/3/2,21.52883034
2012/3/3,14.71184014
2012/3/4,13.63398039
2012/3/5,16.50827307
2012/3/6,14.71184014
2012/3/7,11.48771579
2012/3/8,13.99326697
2012/3/9,15.07112673
2012/3/10,15.7896999
2012/3/11,8.972709702
2012/3/12,11.83754747
2012/3/13,11.83754747
2012/3/14,11.83754747
2012/3/15,10.40985604
2012/3/16,9.691282871
2012/3/17,10.40985604
2012/3/18,10.76914262
2012/3/19,10.76914262
2012/3/20,11.12842921
2012/3/21,11.83754747
2012/3/22,8.254136533
2012/3/23,13.99326697
2012/3/24,15.07112673
2012/3/25,7.894849948
2012/3/26,8.972709702
2012/3/27,12.55612064
2012/3/28,8.613423117
2012/3/29,10.76914262
2012/3/30,11.48771579
2012/3/31,10.05056946
2012/4/1,8.254136533
2012/4/2,7.535563364
2012/4/3,5.020557273
2012/4/4,9.691282871
2012/4/5,10.40985604
2012/4/6,7.894849948
2012/4/7,12.91540722
2012/4/8,6.098417026
2012/4/9,7.894849948
2012/4/10,11.12842921
2012/4/11,8.254136533
2012/4/12,6.457703611
2012/4/13,7.17627678
2012/4/14,6.816990195
2012/4/15,8.254136533
2012/4/16,7.894849948
2012/4/17,6.098417026
2012/4/18,8.613423117
2012/4/19,7.894849948
2012/4/20,5.739130442
2012/4/21,8.254136533
2012/4/22,6.457703611
2012/4/23,7.535563364
2012/4/24,5.020557273
2012/4/25,5.379843857
2012/4/26,6.816990195
2012/4/27,7.17627678
2012/4/28,11.12842921
2012/4/29,5.379843857
2012/4/30,8.972709702
2012/5/1,6.816990195
2012/5/2,10.40985604
2012/5/3,7.535563364
2012/5/4,9.691282871
2012/5/5,6.457703611
2012/5/6,8.613423117
2012/5/7,7.17627678
2012/5/8,5.739130442
2012/5/9,8.254136533
2012/5/10,8.972709702
2012/5/11,4.661270688
2012/5/12,6.457703611
2012/5/13,7.535563364
2012/5/14,2.515006091
2012/5/15,9.691282871
2012/5/16,6.457703611
2012/5/17,5.020557273
2012/5/18,4.661270688
2012/5/19,7.535563364
2012/5/20,5.379843857
2012/5/21,7.894849948
2012/5/22,9.691282871
2012/5/23,6.816990195
2012/5/24,4.661270688
2012/5/25,5.379843857
2012/5/26,3.592865845
2012/5/27,7.17627678
2012/5/28,2.515006091
2012/5/29,4.661270688
2012/5/30,4.661270688
2012/5/31,4.661270688
2012/6/1,5.020557273
2012/6/2,6.816990195
2012/6/3,4.301984104
2012/6/4,5.379843857
2012/6/5,6.816990195
2012/6/6,6.457703611
2012/6/7,7.894849948
2012/6/8,7.535563364
2012/6/9,8.254136533
2012/6/10,5.739130442
2012/6/11,4.301984104
2012/6/12,5.020557273
2012/6/13,6.457703611
2012/6/14,5.379843857
2012/6/15,4.661270688
2012/6/16,7.17627678
2012/6/17,4.301984104
2012/6/18,6.098417026
2012/6/19,6.098417026
2012/6/20,5.020557273
2012/6/21,6.098417026
2012/6/22,4.661270688
2012/6/23,4.301984104
2012/6/24,8.613423117
2012/6/25,8.254136533
2012/6/26,6.098417026
2012/6/27,5.020557273
2012/6/28,7.535563364
2012/6/29,6.816990195
2012/6/30,7.894849948
2012/7/1,10.67459352
2012/7/2,8.301411084
2012/7/3,10.07893419
2012/7/4,7.110092409
2012/7/5,7.705751746
2012/7/6,6.523887981
2012/7/7,7.110092409
2012/7/8,4.746364879
2012/7/9,7.110092409
2012/7/10,5.928228644
2012/7/11,7.110092409
2012/7/12,8.301411084
2012/7/13,4.746364879
2012/7/14,5.928228644
2012/7/15,5.928228644
2012/7/16,7.705751746
2012/7/17,8.897070421
2012/7/18,7.110092409
2012/7/19,4.150705542
2012/7/20,5.332569307
2012/7/21,7.110092409
2012/7/22,6.523887981
2012/7/23,3.555046204
2012/7/24,4.150705542
2012/7/25,5.928228644
2012/7/26,8.897070421
2012/7/27,8.301411084
2012/7/28,5.332569307
2012/7/29,4.746364879
2012/7/30,4.746364879
2012/7/31,5.332569307
2012/8/1,5.332569307
2012/8/2,5.332569307
2012/8/3,8.301411084
2012/8/4,4.746364879
2012/8/5,5.332569307
2012/8/6,7.705751746
2012/8/7,4.746364879
2012/8/8,7.705751746
2012/8/9,5.928228644
2012/8/10,7.705751746
2012/8/11,5.928228644
2012/8/12,4.746364879
2012/8/13,10.07893419
2012/8/14,7.110092409
2012/8/15,8.897070421
2012/8/16,5.928228644
2012/8/17,11.26079795
2012/8/18,8.301411084
2012/8/19,11.85645729
2012/8/20,8.897070421
2012/8/21,13.04777596
2012/8/22,8.897070421
2012/8/23,12.45211663
2012/8/24,9.483274848
2012/8/25,9.483274848
2012/8/26,11.85645729
2012/8/27,7.110092409
2012/8/28,10.67459352
2012/8/29,8.897070421
2012/8/30,10.07893419
2012/8/31,12.45211663
2012/9/1,18.97600461
2012/9/2,19.56220903
2012/9/3,15.41150349
2012/9/4,16.60282217
2012/9/5,18.38034527
2012/9/6,23.71291458
2012/9/7,22.53105081
2012/9/8,22.53105081
2012/9/9,18.97600461
2012/9/10,17.18902659
2012/9/11,18.38034527
2012/9/12,14.22963973
2012/9/13,21.33973214
2012/9/14,14.22963973
2012/9/15,17.18902659
2012/9/16,17.18902659
2012/9/17,18.97600461
2012/9/18,14.22963973
2012/9/19,18.38034527
2012/9/20,16.00716283
2012/9/21,16.00716283
2012/9/22,20.75352771
2012/9/23,21.93539147
2012/9/24,17.18902659
2012/9/25,20.75352771
2012/9/26,20.75352771
2012/9/27,23.71291458
2012/9/28,23.71291458
2012/9/29,15.41150349
2012/9/30,25.49043768
2012/10/1,17.78468593
2012/10/2,26.68175635
2012/10/3,27.86362012
2012/10/4,26.08609702
2012/10/5,24.30857391
2012/10/6,26.68175635
2012/10/7,30.83246189
2012/10/8,33.20564433
2012/10/9,39.72007741
2012/10/10,30.83246189
2012/10/11,24.90423325
2012/10/12,34.3875081
2012/10/13,40.91139608
2012/10/14,30.83246189
2012/10/15,30.23680256
2012/10/16,34.98316744
2012/10/17,34.3875081
2012/10/18,32.609985
2012/10/19,37.9425543
2012/10/20,36.1650312
2012/10/21,30.83246189
2012/10/22,33.79184876
2012/10/23,33.20564433
2012/10/24,36.1650312
2012/10/25,42.68891918
2012/10/26,46.83962472
2012/10/27,42.68891918
2012/10/28,46.83962472
2012/10/29,47.43528406
2012/10/30,43.28457852
2012/10/31,38.53821364
2012/11/1,42.68891918
2012/11/2,42.09325984
2012/11/3,49.79901159
2012/11/4,36.76069054
2012/11/5,39.13387298
2012/11/6,40.31573674
2012/11/7,39.13387298
2012/11/8,40.31573674
2012/11/9,39.72007741
2012/11/10,45.06210162
2012/11/11,38.53821364
2012/11/12,41.49760051
2012/11/13,38.53821364
2012/11/14,42.09325984
2012/11/15,42.68891918
2012/11/16,31.41866632
2012/11/17,40.91139608
2012/11/18,40.91139608
2012/11/19,45.06210162
2012/11/20,37.9425543
2012/11/21,41.49760051
2012/11/22,37.9425543
2012/11/23,37.34689497
2012/11/24,36.1650312
2012/11/25,35.56937186
2012/11/26,39.72007741
2012/11/27,49.21280716
2012/11/28,59.29174135
2012/11/29,43.28457852
2012/11/30,53.36351271
2012/12/1,50.99033027
2012/12/2,50.99033027
2012/12/3,47.43528406
2012/12/4,40.91139608
2012/12/5,38.53821364
2012/12/6,42.68891918
2012/12/7,39.72007741
2012/12/8,38.53821364
2012/12/9,43.87078295
2012/12/10,44.46644228
2012/12/11,45.64830605
2012/12/12,40.91139608
2012/12/13,48.02148849
2012/12/14,41.49760051
2012/12/15,53.36351271
2012/12/16,48.61714783
2012/12/17,39.72007741
2012/12/18,46.83962472
2012/12/19,37.9425543
2012/12/20,30.83246189
2012/12/21,24.30857391
2012/12/22,31.41866632
2012/12/23,39.13387298
2012/12/24,26.08609702
2012/12/25,33.79184876
2012/12/26,40.31573674
2012/12/27,35.56937186
2012/12/28,25.49043768
2012/12/29,33.20564433
2012/12/30,28.45927945
2012/12/31,26.08609702
2013/1/1,18.5032591
2013/1/2,18.5032591
2013/1/3,23.78855386
2013/1/4,26.80467018
2013/1/5,32.84635775
2013/1/6,21.14117902
2013/1/7,18.88145551
2013/1/8,26.04827737
2013/1/9,24.16675026
2013/1/10,24.54494667
2013/1/11,29.45204502
2013/1/12,37.7534561
2013/1/13,33.22455415
2013/1/14,28.3174558
2013/1/15,26.04827737
2013/1/16,27.18286659
2013/1/17,26.80467018
2013/1/18,31.71176854
2013/1/19,33.60275056
2013/1/20,25.67953588
2013/1/21,26.80467018
2013/1/22,22.65396464
2013/1/23,25.67953588
2013/1/24,23.78855386
2013/1/25,30.96483064
2013/1/26,37.3752597
2013/1/27,28.3174558
2013/1/28,26.42647378
2013/1/29,20.38478621
2013/1/30,24.54494667
2013/1/31,23.78855386
2013/2/1,24.54494667
2013/2/2,32.08996494
2013/2/3,21.89757183
2013/2/4,21.51937543
2013/2/5,21.89757183
2013/2/6,29.45204502
2013/2/7,19.63784831
2013/2/8,23.78855386
2013/2/9,23.78855386
2013/2/10,27.56106299
2013/2/11,17.36866989
2013/2/12,19.25965191
2013/2/13,20.01604472
2013/2/14,20.38478621
2013/2/15,30.20843783
2013/2/16,30.58663423
2013/2/17,27.56106299
2013/2/18,23.03216105
2013/2/19,21.51937543
2013/2/20,20.38478621
2013/2/21,21.89757183
2013/2/22,21.14117902
2013/2/23,20.76298262
2013/2/24,20.76298262
2013/2/25,16.99047348
2013/2/26,15.47768786
2013/2/27,14.34309865
2013/2/28,17.74686629
2013/3/1,19.63784831
2013/3/2,18.1250627
2013/3/3,14.72129505
2013/3/4,15.47768786
2013/3/5,14.34309865
2013/3/6,11.32698232
2013/3/7,14.72129505
2013/3/8,12.83976794
2013/3/9,14.72129505
2013/3/10,12.08337513
2013/3/11,11.70517873
2013/3/12,10.57058951
2013/3/13,13.21796434
2013/3/14,18.1250627
2013/3/15,18.1250627
2013/3/16,16.23408067
2013/3/17,11.70517873
2013/3/18,15.85588427
2013/3/19,13.97435715
2013/3/20,13.21796434
2013/3/21,12.08337513
2013/3/22,12.08337513
2013/3/23,16.23408067
2013/3/24,9.436000298
2013/3/25,13.59616075
2013/3/26,9.814196702
2013/3/27,9.814196702
2013/3/28,7.17627678
2013/3/29,9.436000298
2013/3/30,9.057803893
2013/3/31,14.72129505
2013/4/1,9.436000298
2013/4/2,10.94878592
2013/4/3,10.94878592
2013/4/4,10.94878592
2013/4/5,7.932669589
2013/4/6,8.679607488
2013/4/7,12.08337513
2013/4/8,8.679607488
2013/4/9,5.663491161
2013/4/10,7.17627678
2013/4/11,9.436000298
2013/4/12,9.814196702
2013/4/13,13.59616075
2013/4/14,7.17627678
2013/4/15,10.19239311
2013/4/16,7.554473184
2013/4/17,10.19239311
2013/4/18,9.057803893
2013/4/19,8.679607488
2013/4/20,12.46157154
2013/4/21,7.17627678
2013/4/22,7.932669589
2013/4/23,8.310865994
2013/4/24,6.798080375
2013/4/25,4.528901946
2013/4/26,9.814196702
2013/4/27,8.679607488
2013/4/28,8.310865994
2013/4/29,7.554473184
2013/4/30,10.19239311
2013/5/1,11.32698232
2013/5/2,9.436000298
2013/5/3,7.554473184
2013/5/4,8.310865994
2013/5/5,14.34309865
2013/5/6,7.17627678
2013/5/7,7.932669589
2013/5/8,8.310865994
2013/5/9,8.310865994
2013/5/10,5.663491161
2013/5/11,12.46157154
2013/5/12,6.798080375
2013/5/13,10.94878592
2013/5/14,7.932669589
2013/5/15,6.798080375
2013/5/16,4.528901946
2013/5/17,9.814196702
2013/5/18,6.798080375
2013/5/19,10.57058951
2013/5/20,9.814196702
2013/5/21,4.907098351
2013/5/22,6.041687565
2013/5/23,8.310865994
2013/5/24,7.554473184
2013/5/25,4.528901946
2013/5/26,5.285294756
2013/5/27,6.798080375
2013/5/28,4.907098351
2013/5/29,9.057803893
2013/5/30,7.554473184
2013/5/31,7.932669589
2013/6/1,6.041687565
2013/6/2,9.436000298
2013/6/3,8.310865994
2013/6/4,8.679607488
2013/6/5,5.663491161
2013/6/6,4.907098351
2013/6/7,7.554473184
2013/6/8,6.41988397
2013/6/9,5.663491161
2013/6/10,4.907098351
2013/6/11,9.436000298
2013/6/12,5.663491161
2013/6/13,8.679607488
2013/6/14,6.798080375
2013/6/15,6.798080375
2013/6/16,9.057803893
2013/6/17,4.907098351
2013/6/18,7.554473184
2013/6/19,6.041687565
2013/6/20,8.679607488
2013/6/21,4.907098351
2013/6/22,8.679607488
2013/6/23,5.285294756
2013/6/24,10.19239311
2013/6/25,6.41988397
2013/6/26,7.554473184
2013/6/27,6.041687565
2013/6/28,5.663491161
2013/6/29,5.663491161
2013/6/30,9.436000298
2013/7/1,12.07392022
2013/7/2,8.04612851
2013/7/3,8.717427129
2013/7/4,14.75911469
2013/7/5,5.370388947
2013/7/6,10.06002437
2013/7/7,7.384284802
2013/7/8,10.73132298
2013/7/9,5.370388947
2013/7/10,4.02779171
2013/7/11,7.384284802
2013/7/12,10.73132298
2013/7/13,21.47210088
2013/7/14,7.384284802
2013/7/15,6.712986184
2013/7/16,4.02779171
2013/7/17,7.384284802
2013/7/18,11.4026216
2013/7/19,8.717427129
2013/7/20,11.4026216
2013/7/21,10.73132298
2013/7/22,9.388725747
2013/7/23,7.384284802
2013/7/24,11.4026216
2013/7/25,6.041687565
2013/7/26,6.041687565
2013/7/27,6.712986184
2013/7/28,7.384284802
2013/7/29,12.07392022
2013/7/30,8.04612851
2013/7/31,10.73132298
2013/8/1,14.75911469
2013/8/2,9.388725747
2013/8/3,8.717427129
2013/8/4,8.717427129
2013/8/5,8.04612851
2013/8/6,6.712986184
2013/8/7,9.388725747
2013/8/8,8.717427129
2013/8/9,9.388725747
2013/8/10,10.73132298
2013/8/11,10.73132298
2013/8/12,12.74521884
2013/8/13,10.06002437
2013/8/14,12.07392022
2013/8/15,12.74521884
2013/8/16,11.4026216
2013/8/17,9.388725747
2013/8/18,11.4026216
2013/8/19,10.73132298
2013/8/20,11.4026216
2013/8/21,11.4026216
2013/8/22,11.4026216
2013/8/23,18.7869064
2013/8/24,16.10171193
2013/8/25,13.41651746
2013/8/26,20.80080226
2013/8/27,14.75911469
2013/8/28,17.44430917
2013/8/29,14.08781608
2013/8/30,16.77301055
2013/8/31,18.11560779
2013/9/1,26.83303491
2013/9/2,20.12950364
2013/9/3,25.49043768
2013/9/4,30.18952801
2013/9/5,34.21731972
2013/9/6,31.53212524
2013/9/7,29.51822939
2013/9/8,30.86082662
2013/9/9,25.49043768
2013/9/10,21.47210088
2013/9/11,24.14784044
2013/9/12,22.81469811
2013/9/13,24.14784044
2013/9/14,24.14784044
2013/9/15,29.51822939
2013/9/16,25.49043768
2013/9/17,26.1617363
2013/9/18,25.49043768
2013/9/19,24.14784044
2013/9/20,22.1433995
2013/9/21,27.50433353
2013/9/22,24.81913906
2013/9/23,26.83303491
2013/9/24,24.81913906
2013/9/25,26.83303491
2013/9/26,29.51822939
2013/9/27,34.21731972
2013/9/28,34.88861834
2013/9/29,32.20342386
2013/9/30,27.50433353
2013/10/1,35.55991695
2013/10/2,32.87472248
2013/10/3,27.50433353
2013/10/4,35.55991695
2013/10/5,41.59214961
2013/10/6,36.23121557
2013/10/7,32.87472248
2013/10/8,22.81469811
2013/10/9,23.47654182
2013/10/10,23.47654182
2013/10/11,22.81469811
2013/10/12,27.50433353
2013/10/13,26.1617363
2013/10/14,34.21731972
2013/10/15,32.87472248
2013/10/16,37.57381281
2013/10/17,40.24955237
2013/10/18,36.23121557
2013/10/19,43.60604546
2013/10/20,44.27734408
2013/10/21,39.57825375
2013/10/22,44.27734408
2013/10/23,44.27734408
2013/10/24,59.70775739
2013/10/25,43.60604546
2013/10/26,59.70775739
2013/10/27,53.00422612
2013/10/28,56.3512643
2013/10/29,44.27734408
2013/10/30,42.26344823
2013/10/31,35.55991695
2013/11/1,46.29123994
2013/11/2,44.27734408
2013/11/3,33.5460211
2013/11/4,44.27734408
2013/11/5,60.37905601
2013/11/6,57.69386154
2013/11/7,42.26344823
2013/11/8,46.96253856
2013/11/9,50.31903165
2013/11/10,67.0920422
2013/11/11,50.99033027
2013/11/12,65.07814634
2013/11/13,56.3512643
2013/11/14,54.34682336
2013/11/15,58.36516016
2013/11/16,55.00866707
2013/11/17,42.26344823
2013/11/18,51.66162888
2013/11/19,53.00422612
2013/11/20,46.96253856
2013/11/21,58.36516016
2013/11/22,46.96253856
2013/11/23,50.31903165
2013/11/24,43.60604546
2013/11/25,45.61994132
2013/11/26,47.63383717
2013/11/27,48.30513579
2013/11/28,53.00422612
2013/11/29,43.60604546
2013/11/30,50.99033027
2013/12/1,42.93474685
2013/12/2,50.99033027
2013/12/3,45.61994132
2013/12/4,44.9486427
2013/12/5,42.93474685
2013/12/6,40.92085099
2013/12/7,44.27734408
2013/12/8,50.99033027
2013/12/9,55.67996568
2013/12/10,43.60604546
2013/12/11,44.9486427
2013/12/12,42.26344823
2013/12/13,48.30513579
2013/12/14,64.40684772
2013/12/15,59.03645878
2013/12/16,55.00866707
2013/12/17,60.37905601
2013/12/18,50.99033027
2013/12/19,49.64773303
2013/12/20,40.92085099
2013/12/21,48.97643441
2013/12/22,44.27734408
2013/12/23,34.88861834
2013/12/24,29.51822939
2013/12/25,35.55991695
2013/12/26,40.24955237
2013/12/27,34.88861834
2013/12/28,28.84693077
2013/12/29,42.26344823
2013/12/30,31.53212524
2013/12/31,24.81913906
2014/1/1,18.24797653
2014/1/2,16.10171193
2014/1/3,24.14784044
2014/1/4,19.32583628
2014/1/5,20.933171
2014/1/6,21.47210088
2014/1/7,22.54050572
2014/1/8,20.39424112
2014/1/9,39.72007741
2014/1/10,52.59766499
2014/1/11,44.55153648
2014/1/12,53.67552474
2014/1/13,40.78848225
2014/1/14,30.05715926
2014/1/15,29.51822939
2014/1/16,25.76463007
2014/1/17,27.37196479
2014/1/18,32.74235374
2014/1/19,31.66449398
2014/1/20,28.44982454
2014/1/21,25.22570019
2014/1/22,26.30355995
2014/1/23,25.22570019
2014/1/24,25.22570019
2014/1/25,26.30355995
2014/1/26,28.44982454
2014/1/27,33.2718287
2014/1/28,24.14784044
2014/1/29,24.68677032
2014/1/30,22.00157584
2014/1/31,28.44982454
2014/2/1,23.0794356
2014/2/2,25.22570019
2014/2/3,18.7869064
2014/2/4,27.91089467
2014/2/5,20.39424112
2014/2/6,22.54050572
2014/2/7,23.61836547
2014/2/8,24.14784044
2014/2/9,25.76463007
2014/2/10,23.61836547
2014/2/11,24.68677032
2014/2/12,22.54050572
2014/2/13,18.7869064
2014/2/14,23.0794356
2014/2/15,32.74235374
2014/2/16,22.54050572
2014/2/17,19.85531125
2014/2/18,22.00157584
2014/2/19,22.54050572
2014/2/20,25.76463007
2014/2/21,24.14784044
2014/2/22,27.37196479
2014/2/23,17.70904665
2014/2/24,17.70904665
2014/2/25,16.10171193
2014/2/26,17.17957168
2014/2/27,19.32583628
2014/2/28,22.54050572
2014/3/1,21.47210088
2014/3/2,20.933171
2014/3/3,15.56278205
2014/3/4,17.17957168
2014/3/5,16.64064181
2014/3/6,18.24797653
2014/3/7,20.933171
2014/3/8,16.64064181
2014/3/9,16.10171193
2014/3/10,18.24797653
2014/3/11,15.02385218
2014/3/12,13.41651746
2014/3/13,11.80918274
2014/3/14,22.00157584
2014/3/15,22.54050572
2014/3/16,14.49437721
2014/3/17,11.27025286
2014/3/18,13.95544733
2014/3/19,11.80918274
2014/3/20,13.41651746
2014/3/21,18.24797653
2014/3/22,13.95544733
2014/3/23,9.662918141
2014/3/24,14.49437721
2014/3/25,12.34811261
2014/3/26,10.73132298
2014/3/27,9.662918141
2014/3/28,9.123988264
2014/3/29,11.27025286
2014/3/30,10.20184802
2014/3/31,18.24797653
2014/4/1,16.10171193
2014/4/2,15.02385218
2014/4/3,8.585058387
2014/4/4,15.56278205
2014/4/5,15.02385218
2014/4/6,11.27025286
2014/4/7,11.27025286
2014/4/8,11.80918274
2014/4/9,9.662918141
2014/4/10,10.20184802
2014/4/11,8.04612851
2014/4/12,16.10171193
2014/4/13,12.34811261
2014/4/14,13.95544733
2014/4/15,15.56278205
2014/4/16,12.87758758
2014/4/17,10.20184802
2014/4/18,13.41651746
2014/4/19,13.41651746
2014/4/20,11.80918274
2014/4/21,10.73132298
2014/4/22,8.04612851
2014/4/23,10.20184802
2014/4/24,10.20184802
2014/4/25,11.27025286
2014/4/26,9.662918141
2014/4/27,10.20184802
2014/4/28,10.73132298
2014/4/29,8.585058387
2014/4/30,13.95544733
2014/5/1,13.41651746
2014/5/2,10.73132298
2014/5/3,10.73132298
2014/5/4,8.04612851
2014/5/5,12.87758758
2014/5/6,13.95544733
2014/5/7,9.662918141
2014/5/8,10.20184802
2014/5/9,10.73132298
2014/5/10,10.73132298
2014/5/11,9.123988264
2014/5/12,10.20184802
2014/5/13,9.662918141
2014/5/14,11.27025286
2014/5/15,9.123988264
2014/5/16,18.24797653
2014/5/17,15.02385218
2014/5/18,17.17957168
2014/5/19,11.80918274
2014/5/20,6.977723667
2014/5/21,9.662918141
2014/5/22,12.34811261
2014/5/23,9.123988264
2014/5/24,9.123988264
2014/5/25,8.04612851
2014/5/26,8.585058387
2014/5/27,10.20184802
2014/5/28,5.370388947
2014/5/29,10.73132298
2014/5/30,12.87758758
2014/5/31,16.64064181
2014/6/1,11.27025286
2014/6/2,6.977723667
2014/6/3,12.87758758
2014/6/4,10.73132298
2014/6/5,7.516653544
2014/6/6,11.27025286
2014/6/7,11.27025286
2014/6/8,10.73132298
2014/6/9,8.04612851
2014/6/10,8.04612851
2014/6/11,9.123988264
2014/6/12,11.27025286
2014/6/13,12.87758758
2014/6/14,25.22570019
2014/6/15,17.17957168
2014/6/16,14.49437721
2014/6/17,11.27025286
2014/6/18,12.87758758
2014/6/19,13.41651746
2014/6/20,15.02385218
2014/6/21,20.933171
2014/6/22,10.20184802
2014/6/23,10.73132298
2014/6/24,11.27025286
2014/6/25,11.27025286
2014/6/26,10.20184802
2014/6/27,8.04612851
2014/6/28,9.662918141
2014/6/29,10.20184802
2014/6/30,14.49437721
2014/7/1,14.62674595
2014/7/2,14.28636919
2014/7/3,15.06167182
2014/7/4,14.62674595
2014/7/5,11.88482202
2014/7/6,10.96769574
2014/7/7,11.20406849
2014/7/8,12.37647734
2014/7/9,6.675166543
2014/7/10,5.758040262
2014/7/11,6.38206433
2014/7/12,19.35420101
2014/7/13,19.47711484
2014/7/14,21.00881028
2014/7/15,13.38815273
2014/7/16,12.8019483
2014/7/17,14.60783613
2014/7/18,11.20406849
2014/7/19,13.80416877
2014/7/20,14.62674595
2014/7/21,14.28636919
2014/7/22,11.28916268
2014/7/23,13.36924291
2014/7/24,10.62731897
2014/7/25,10.62731897
2014/7/26,10.62731897
2014/7/27,10.3720364
2014/7/28,12.46157154
2014/7/29,7.885395038
2014/7/30,10.96769574
2014/7/31,20.17677819
2014/8/1,19.00436934
2014/8/2,16.40426905
2014/8/3,15.28858966
2014/8/4,12.37647734
2014/8/5,12.8019483
2014/8/6,14.14454554
2014/8/7,12.46157154
2014/8/8,15.20349547
2014/8/9,16.46099852
2014/8/10,16.00716283
2014/8/11,13.36924291
2014/8/12,13.70961967
2014/8/13,13.70961967
2014/8/14,15.54387223
2014/8/15,23.08889051
2014/8/16,21.60446962
2014/8/17,15.54387223
2014/8/18,13.36924291
2014/8/19,19.68512287
2014/8/20,20.11059382
2014/8/21,17.02829312
2014/8/22,21.0277201
2014/8/23,15.9787981
2014/8/24,16.46099852
2014/8/25,19.51493448
2014/8/26,19.77021706
2014/8/27,24.26129936
2014/8/28,19.51493448
2014/8/29,23.76964404
2014/8/30,23.31580835
2014/8/31,31.65503907
2014/9/1,39.4364301
2014/9/2,36.69450617
2014/9/3,30.7473677
2014/9/4,35.20063037
2014/9/5,29.68841777
2014/9/6,33.48929164
2014/9/7,32.91254212
2014/9/8,23.42926727
2014/9/9,27.42869425
2014/9/10,30.17061819
2014/9/11,36.23121557
2014/9/12,28.91311514
2014/9/13,35.17226564
2014/9/14,33.48929164
2014/9/15,31.99541584
2014/9/16,26.51156797
2014/9/17,28.45927945
2014/9/18,25.6038966
2014/9/19,25.6038966
2014/9/20,40.23064255
2014/9/21,27.7501612
2014/9/22,29.2534919
2014/9/23,31.08774447
2014/9/24,28.82802095
2014/9/25,29.2534919
2014/9/26,32.23178859
2014/9/27,40.34410147
2014/9/28,33.6405702
2014/9/29,27.7501612
2014/9/30,36.23121557
2014/10/1,36.57159234
2014/10/2,39.0582337
2014/10/3,35.65446605
2014/10/4,33.48929164
2014/10/5,41.5826947
2014/10/6,37.92364448
2014/10/7,25.26351984
2014/10/8,17.9454194
2014/10/9,34.40641792
2014/10/10,36.23121557
2014/10/11,58.37461507
2014/10/12,48.94806968
2014/10/13,52.43693151
2014/10/14,37.97091903
2014/10/15,46.94362874
2014/10/16,38.97313951
2014/10/17,41.71506344
2014/10/18,46.6316167
2014/10/19,49.20335225
2014/10/20,47.53928807
2014/10/21,40.88303135
2014/10/22,50.94305572
2014/10/23,61.75001798
2014/10/24,55.77451479
2014/10/25,51.77508781
2014/10/26,52.6071199
2014/10/27,42.97256649
2014/10/28,53.04204576
2014/10/29,36.94978874
2014/10/30,39.97535998
2014/10/31,47.6622019
2014/11/1,53.42969708
2014/11/2,53.51479127
2014/11/3,57.58040262
2014/11/4,40.54265459
2014/11/5,52.77730828
2014/11/6,45.11883108
2014/11/7,44.28679899
2014/11/8,64.00028659
2014/11/9,46.94362874
2014/11/10,40.54265459
2014/11/11,39.54988902
2014/11/12,49.11825806
2014/11/13,50.9241459
2014/11/14,54.72501976
2014/11/15,60.74779751
2014/11/16,57.49530843
2014/11/17,42.29181296
2014/11/18,48.45641435
2014/11/19,45.37411366
2014/11/20,48.69278711
2014/11/21,44.37189318
2014/11/22,55.91633844
2014/11/23,63.65990982
2014/11/24,57.08874729
2014/11/25,47.19891131
2014/11/26,48.69278711
2014/11/27,41.20449829
2014/11/28,48.60769292
2014/11/29,44.03151642
2014/11/30,45.03373689
2014/12/1,44.45698737
2014/12/2,59.66048284
2014/12/3,49.37354064
2014/12/4,42.63218972
2014/12/5,44.03151642
2014/12/6,60.49251493
2014/12/7,54.8573885
2014/12/8,47.19891131
2014/12/9,91.42898084
2014/12/10,57.25893567
2014/12/11,46.93417383
2014/12/12,52.59766499
2014/12/13,65.21996999
2014/12/14,52.31401768
2014/12/15,47.75675101
2014/12/16,65.46579766
2014/12/17,45.61048641
2014/12/18,41.3935965
2014/12/19,42.36745224
2014/12/20,55.20722018
2014/12/21,53.49588145
2014/12/22,46.12105156
2014/12/23,49.12771297
2014/12/24,42.69837409
2014/12/25,41.5826947
2014/12/26,43.80459858
2014/12/27,54.8573885
2014/12/28,46.58434215
2014/12/29,55.77451479
2014/12/30,51.19833829
2014/12/31,34.74679468
2015/1/1,45.09992126
2015/1/2,45.7901297
2015/1/3,42.36745224
2015/1/4,37.58326772
2015/1/5,43.73841421
2015/1/6,47.83239029
2015/1/7,43.73841421
2015/1/8,49.88410578
2015/1/9,56.03925227
2015/1/10,58.09096776
2015/1/11,51.25506775
2015/1/12,46.47088323
2015/1/13,49.20335225
2015/1/14,48.52259873
2015/1/15,62.18494385
2015/1/16,68.34009033
2015/1/17,66.28837484
2015/1/18,60.13322835
2015/1/19,47.83239029
2015/1/20,47.15163676
2015/1/21,51.25506775
2015/1/22,46.47088323
2015/1/23,45.09992126
2015/1/24,49.20335225
2015/1/25,41.68669871
2015/1/26,36.22176066
2015/1/27,40.31573674
2015/1/28,45.09992126
2015/1/29,38.95422969
2015/1/30,47.15163676
2015/1/31,45.7901297
2015/2/1,48.52259873
2015/2/2,43.04820577
2015/2/3,38.27347616
2015/2/4,33.48929164
2015/2/5,67.64988189
2015/2/6,45.7901297
2015/2/7,57.40075933
2015/2/8,40.31573674
2015/2/9,40.31573674
2015/2/10,39.63498321
2015/2/11,44.41916773
2015/2/12,41.00594518
2015/2/13,56.7200058
2015/2/14,66.96912837
2015/2/15,61.50419032
2015/2/16,45.09992126
2015/2/17,51.25506775
2015/2/18,33.48929164
2015/2/19,48.52259873
2015/2/20,60.13322835
2015/2/21,64.23665934
2015/2/22,55.34904383
2015/2/23,51.25506775
2015/2/24,47.15163676
2015/2/25,36.22176066
2015/2/26,36.90251419
2015/2/27,45.7901297
2015/2/28,47.83239029
2015/3/1,47.15163676
2015/3/2,30.7473677
2015/3/3,38.95422969
2015/3/4,32.7990832
2015/3/5,34.17004517
2015/3/6,34.17004517
2015/3/7,36.90251419
2015/3/8,34.17004517
2015/3/9,27.33414515
2015/3/10,35.53155222
2015/3/11,32.11832967
2015/3/12,32.11832967
2015/3/13,38.27347616
2015/3/14,35.53155222
2015/3/15,33.48929164
2015/3/16,21.18845357
2015/3/17,28.70510712
2015/3/18,23.23071416
2015/3/19,30.06661417
2015/3/20,28.01489868
2015/3/21,32.7990832
2015/3/22,25.28242966
2015/3/23,25.97263809
2015/3/24,17.08502258
2015/3/25,19.81749161
2015/3/26,27.33414515
2015/3/27,20.49824514
2015/3/28,23.23071416
2015/3/29,19.13673808
2015/3/30,19.13673808
2015/3/31,23.9209226
2015/4/1,22.54996063
2015/4/2,23.23071416
2015/4/3,20.49824514
2015/4/4,26.65339162
2015/4/5,19.81749161
2015/4/6,15.71406062
2015/4/7,17.76577611
2015/4/8,23.23071416
2015/4/9,22.54996063
2015/4/10,19.81749161
2015/4/11,23.9209226
2015/4/12,16.40426905
2015/4/13,24.60167613
2015/4/14,15.71406062
2015/4/15,14.35255356
2015/4/16,17.76577611
2015/4/17,19.13673808
2015/4/18,30.06661417
2015/4/19,19.81749161
2015/4/20,11.62008453
2015/4/21,19.13673808
2015/4/22,16.40426905
2015/4/23,16.40426905
2015/4/24,12.98159159
2015/4/25,11.62008453
2015/4/26,11.62008453
2015/4/27,13.67180003
2015/4/28,15.71406062
2015/4/29,17.76577611
2015/4/30,19.13673808
2015/5/1,18.44652964
2015/5/2,28.01489868
2015/5/3,15.03330709
2015/5/4,18.44652964
2015/5/5,16.40426905
2015/5/6,12.30083806
2015/5/7,15.03330709
2015/5/8,19.81749161
2015/5/9,13.67180003
2015/5/10,13.67180003
2015/5/11,13.67180003
2015/5/12,15.03330709
2015/5/13,11.62008453
2015/5/14,12.98159159
2015/5/15,17.76577611
2015/5/16,17.08502258
2015/5/17,12.98159159
2015/5/18,12.30083806
2015/5/19,14.35255356
2015/5/20,12.98159159
2015/5/21,15.71406062
2015/5/22,15.03330709
2015/5/23,14.35255356
2015/5/24,12.98159159
2015/5/25,7.516653544
2015/5/26,17.76577611
2015/5/27,10.24912257
2015/5/28,10.9298761
2015/5/29,10.9298761
2015/5/30,21.8692071
2015/5/31,21.8692071
2015/6/1,28.70510712
2015/6/2,25.28242966
2015/6/3,24.60167613
2015/6/4,20.49824514
2015/6/5,15.71406062
2015/6/6,21.18845357
2015/6/7,17.08502258
2015/6/8,17.08502258
2015/6/9,34.85079869
2015/6/10,36.22176066
2015/6/11,37.58326772
2015/6/12,40.31573674
2015/6/13,27.33414515
2015/6/14,20.49824514
2015/6/15,17.08502258
2015/6/16,15.71406062
2015/6/17,17.76577611
2015/6/18,15.71406062
2015/6/19,13.67180003
2015/6/20,17.08502258
2015/6/21,13.67180003
2015/6/22,12.30083806
2015/6/23,12.98159159
2015/6/24,13.67180003
2015/6/25,9.568369039
2015/6/26,8.197407072
2015/6/27,16.40426905
2015/6/28,9.568369039
2015/6/29,16.40426905
2015/6/30,20.49824514
2015/7/1,32.21287877
2015/7/2,18.28579617
2015/7/3,10.44767568
2015/7/4,19.1556479
2015/7/5,13.9270826
2015/7/6,13.9270826
2015/7/7,12.18737914
2015/7/8,14.79693433
2015/7/9,13.9270826
2015/7/10,20.02549963
2015/7/11,18.28579617
2015/7/12,17.41594444
2015/7/13,13.05723087
2015/7/14,13.05723087
2015/7/15,13.9270826
2015/7/16,21.76520309
2015/7/17,10.44767568
2015/7/18,17.41594444
2015/7/19,13.9270826
2015/7/20,20.02549963
2015/7/21,11.31752741
2015/7/22,13.9270826
2015/7/23,13.9270826
2015/7/24,14.79693433
2015/7/25,16.54609271
2015/7/26,13.05723087
2015/7/27,13.05723087
2015/7/28,13.05723087
2015/7/29,18.28579617
2015/7/30,12.18737914
2015/7/31,12.18737914
2015/8/1,14.79693433
2015/8/2,18.28579617
2015/8/3,20.02549963
2015/8/4,10.44767568
2015/8/5,13.9270826
2015/8/6,14.79693433
2015/8/7,17.41594444
2015/8/8,20.02549963
2015/8/9,16.54609271
2015/8/10,18.28579617
2015/8/11,13.05723087
2015/8/12,20.02549963
2015/8/13,20.02549963
2015/8/14,15.66678607
2015/8/15,20.02549963
2015/8/16,18.28579617
2015/8/17,20.89535136
2015/8/18,19.1556479
2015/8/19,20.02549963
2015/8/20,33.0827305
2015/8/21,47.00981311
2015/8/22,40.05099926
2015/8/23,30.47317531
2015/8/24,26.11446175
2015/8/25,32.21287877
2015/8/26,45.27010964
2015/8/27,34.82243396
2015/8/28,42.66055445
2015/8/29,49.62882321
2015/8/30,44.40025791
2015/8/31,47.00981311
2015/9/1,71.38457139
2015/9/2,66.16546101
2015/9/3,64.42575754
2015/9/4,56.58763706
2015/9/5,60.06704398
2015/9/6,60.94635062
2015/9/7,37.43198916
2015/9/8,57.45748879
2015/9/9,40.05099926
2015/9/10,35.6922857
2015/9/11,34.82243396
2015/9/12,41.79070272
2015/9/13,45.27010964
2015/9/14,39.18114753
2015/9/15,43.53040618
2015/9/16,37.43198916
2015/9/17,43.53040618
2015/9/18,35.6922857
2015/9/19,38.30184089
2015/9/20,33.0827305
2015/9/21,43.53040618
2015/9/22,39.18114753
2015/9/23,34.82243396
2015/9/24,36.56213743
2015/9/25,54.84793359
2015/9/26,44.40025791
2015/9/27,49.62882321
2015/9/28,42.66055445
2015/9/29,40.05099926
2015/9/30,47.00981311
2015/10/1,71.38457139
2015/10/2,38.30184089
2015/10/3,36.56213743
2015/10/4,44.40025791
2015/10/5,46.13996138
2015/10/6,43.53040618
2015/10/7,47.87966484
2015/10/8,48.74951657
2015/10/9,46.13996138
2015/10/10,61.81620235
2015/10/11,59.19719225
2015/10/12,53.10823013
2015/10/13,55.71778532
2015/10/14,47.87966484
2015/10/15,47.00981311
2015/10/16,53.97808186
2015/10/17,75.74328495
2015/10/18,60.94635062
2015/10/19,60.06704398
2015/10/20,53.97808186
2015/10/21,59.19719225
2015/10/22,67.90516447
2015/10/23,59.19719225
2015/10/24,87.06081237
2015/10/25,74.00358149
2015/10/26,58.32734052
2015/10/27,74.87343322
2015/10/28,56.58763706
2015/10/29,54.84793359
2015/10/30,53.97808186
2015/10/31,67.03531274
2015/11/1,68.7750162
2015/11/2,60.06704398
2015/11/3,73.13372976
2015/11/4,67.03531274
2015/11/5,60.06704398
2015/11/6,59.19719225
2015/11/7,57.45748879
2015/11/8,65.29560927
2015/11/9,55.71778532
2015/11/10,57.45748879
2015/11/11,60.94635062
2015/11/12,52.2383784
2015/11/13,54.84793359
2015/11/14,86.19096063
2015/11/15,67.03531274
2015/11/16,61.81620235
2015/11/17,56.58763706
2015/11/18,48.74951657
2015/11/19,56.58763706
2015/11/20,47.87966484
2015/11/21,59.19719225
2015/11/22,63.55590581
2015/11/23,69.64486793
2015/11/24,53.97808186
2015/11/25,78.35284015
2015/11/26,85.3211089
2015/11/27,68.7750162
2015/11/28,80.09254361
2015/11/29,75.74328495
2015/11/30,69.64486793
2015/12/1,59.19719225
2015/12/2,53.10823013
2015/12/3,56.58763706
2015/12/4,52.2383784
2015/12/5,67.03531274
2015/12/6,64.42575754
2015/12/7,54.84793359
2015/12/8,60.06704398
2015/12/9,57.45748879
2015/12/10,52.2383784
2015/12/11,54.84793359
2015/12/12,60.06704398
2015/12/13,60.06704398
2015/12/14,45.27010964
2015/12/15,57.45748879
2015/12/16,48.74951657
2015/12/17,49.62882321
2015/12/18,52.2383784
2015/12/19,65.29560927
2015/12/20,44.40025791
2015/12/21,58.32734052
2015/12/22,41.79070272
2015/12/23,49.62882321
2015/12/24,32.21287877
2015/12/25,36.56213743
2015/12/26,43.53040618
2015/12/27,51.36852667
2015/12/28,55.71778532
2015/12/29,60.06704398
2015/12/30,51.36852667
2015/12/31,42.66055445
2016/1/1,20.933171
2016/1/2,27.91089467
2016/1/3,30.05715926
2016/1/4,31.66449398
2016/1/5,34.34968846
2016/1/6,36.49595306
2016/1/7,39.72007741
2016/1/8,33.2718287
2016/1/9,45.08101144
2016/1/10,41.866342
2016/1/11,40.24955237
2016/1/12,40.24955237
2016/1/13,37.03488293
2016/1/14,41.32741213
2016/1/15,33.81075858
2016/1/16,52.05873511
2016/1/17,37.03488293
2016/1/18,37.03488293
2016/1/19,44.55153648
2016/1/20,39.72007741
2016/1/21,35.95702318
2016/1/22,34.34968846
2016/1/23,53.13659486
2016/1/24,53.67552474
2016/1/25,41.866342
2016/1/26,35.42754821
2016/1/27,38.64221765
2016/1/28,39.18114753
2016/1/29,33.81075858
2016/1/30,42.39581697
2016/1/31,33.81075858
2016/2/1,37.57381281
2016/2/2,34.34968846
2016/2/3,38.64221765
2016/2/4,32.20342386
2016/2/5,31.12556411
2016/2/6,50.99033027
2016/2/7,42.93474685
2016/2/8,27.91089467
2016/2/9,27.91089467
2016/2/10,33.2718287
2016/2/11,39.72007741
2016/2/12,31.12556411
2016/2/13,31.12556411
2016/2/14,31.66449398
2016/2/15,27.37196479
2016/2/16,34.34968846
2016/2/17,30.59608914
2016/2/18,31.12556411
2016/2/19,27.37196479
2016/2/20,35.95702318
2016/2/21,28.97929951
2016/2/22,23.0794356
2016/2/23,31.66449398
2016/2/24,31.12556411
2016/2/25,30.59608914
2016/2/26,24.14784044
2016/2/27,29.51822939
2016/2/28,29.51822939
2016/2/29,29.51822939
2016/3/1,25.76463007
2016/3/2,23.61836547
2016/3/3,28.44982454
2016/3/4,24.14784044
2016/3/5,20.933171
2016/3/6,25.22570019
2016/3/7,23.61836547
2016/3/8,19.32583628
2016/3/9,22.00157584
2016/3/10,19.85531125
2016/3/11,17.70904665
2016/3/12,34.34968846
2016/3/13,26.30355995
2016/3/14,18.24797653
2016/3/15,15.56278205
2016/3/16,20.933171
2016/3/17,19.32583628
2016/3/18,13.41651746
2016/3/19,22.54050572
2016/3/20,16.64064181
2016/3/21,15.02385218
2016/3/22,15.02385218
2016/3/23,18.7869064
2016/3/24,15.02385218
2016/3/25,17.17957168
2016/3/26,22.54050572
2016/3/27,20.39424112
2016/3/28,10.73132298
2016/3/29,18.24797653
2016/3/30,17.70904665
2016/3/31,14.49437721
2016/4/1,21.47210088
2016/4/2,19.32583628
2016/4/3,15.56278205
2016/4/4,18.24797653
2016/4/5,10.73132298
2016/4/6,13.41651746
2016/4/7,11.80918274
2016/4/8,14.49437721
2016/4/9,15.56278205
2016/4/10,16.64064181
2016/4/11,11.27025286
2016/4/12,15.56278205
2016/4/13,13.41651746
2016/4/14,12.87758758
2016/4/15,13.41651746
2016/4/16,13.95544733
2016/4/17,13.41651746
2016/4/18,13.41651746
2016/4/19,13.95544733
2016/4/20,9.662918141
2016/4/21,11.80918274
2016/4/22,10.20184802
2016/4/23,9.662918141
2016/4/24,15.56278205
2016/4/25,8.585058387
2016/4/26,12.87758758
2016/4/27,13.95544733
2016/4/28,11.80918274
2016/4/29,17.70904665
2016/4/30,29.51822939
2016/5/1,11.27025286
2016/5/2,18.7869064
2016/5/3,11.80918274
2016/5/4,13.95544733
2016/5/5,10.73132298
2016/5/6,11.27025286
2016/5/7,14.49437721
2016/5/8,16.10171193
2016/5/9,6.977723667
2016/5/10,11.27025286
2016/5/11,11.27025286
2016/5/12,10.73132298
2016/5/13,10.20184802
2016/5/14,14.49437721
2016/5/15,13.41651746
2016/5/16,14.49437721
2016/5/17,10.73132298
2016/5/18,7.516653544
2016/5/19,16.10171193
2016/5/20,16.64064181
2016/5/21,11.27025286
2016/5/22,7.516653544
2016/5/23,11.27025286
2016/5/24,12.34811261
2016/5/25,9.123988264
2016/5/26,15.02385218
2016/5/27,16.64064181
2016/5/28,17.17957168
2016/5/29,21.47210088
2016/5/30,11.27025286
2016/5/31,15.56278205
2016/6/1,16.10171193
2016/6/2,13.95544733
2016/6/3,18.7869064
2016/6/4,15.02385218
2016/6/5,13.95544733
2016/6/6,10.73132298
2016/6/7,13.95544733
2016/6/8,6.977723667
2016/6/9,12.34811261
2016/6/10,11.80918274
2016/6/11,12.87758758
2016/6/12,8.585058387
2016/6/13,17.17957168
2016/6/14,11.80918274
2016/6/15,11.80918274
2016/6/16,10.73132298
2016/6/17,15.02385218
2016/6/18,16.64064181
2016/6/19,15.02385218
2016/6/20,10.73132298
2016/6/21,12.34811261
2016/6/22,10.73132298
2016/6/23,11.80918274
2016/6/24,12.87758758
2016/6/25,12.87758758
2016/6/26,16.64064181
2016/6/27,10.73132298
2016/6/28,8.04612851
2016/6/29,11.80918274
2016/6/30,10.20184802
2016/7/1,15.31695439
2016/7/2,15.31695439
2016/7/3,15.31695439
2016/7/4,17.86978012
2016/7/5,15.31695439
2016/7/6,15.31695439
2016/7/7,17.86978012
2016/7/8,12.76412866
2016/7/9,15.31695439
2016/7/10,12.76412866
2016/7/11,15.31695439
2016/7/12,10.21130293
2016/7/13,12.76412866
2016/7/14,12.76412866
2016/7/15,12.76412866
2016/7/16,25.52825732
2016/7/17,28.08108305
2016/7/18,20.42260585
2016/7/19,10.21130293
2016/7/20,20.42260585
2016/7/21,15.31695439
2016/7/22,12.76412866
2016/7/23,17.86978012
2016/7/24,17.86978012
2016/7/25,17.86978012
2016/7/26,17.86978012
2016/7/27,15.31695439
2016/7/28,15.31695439
2016/7/29,15.31695439
2016/7/30,12.76412866
2016/7/31,12.76412866
2016/8/1,12.76412866
2016/8/2,10.21130293
2016/8/3,10.21130293
2016/8/4,15.31695439
2016/8/5,10.21130293
2016/8/6,15.31695439
2016/8/7,15.31695439
2016/8/8,15.31695439
2016/8/9,15.31695439
2016/8/10,10.21130293
2016/8/11,7.658477196
2016/8/12,20.42260585
2016/8/13,22.97543159
2016/8/14,15.31695439
2016/8/15,12.76412866
2016/8/16,20.42260585
2016/8/17,17.86978012
2016/8/18,15.31695439
2016/8/19,25.52825732
2016/8/20,17.86978012
2016/8/21,20.42260585
2016/8/22,15.31695439
2016/8/23,20.42260585
2016/8/24,25.52825732
2016/8/25,28.08108305
2016/8/26,17.86978012
2016/8/27,28.08108305
2016/8/28,30.63390878
2016/8/29,22.97543159
2016/8/30,38.29238598
2016/8/31,38.29238598
2016/9/1,51.05651464
2016/9/2,58.71499183
2016/9/3,53.60934037
2016/9/4,40.84521171
2016/9/5,33.18673451
2016/9/6,28.08108305
2016/9/7,22.97543159
2016/9/8,38.29238598
2016/9/9,25.52825732
2016/9/10,25.52825732
2016/9/11,25.52825732
2016/9/12,28.08108305
2016/9/13,28.08108305
2016/9/14,25.52825732
2016/9/15,25.52825732
2016/9/16,28.08108305
2016/9/17,38.29238598
2016/9/18,30.63390878
2016/9/19,30.63390878
2016/9/20,38.29238598
2016/9/21,45.95086317
2016/9/22,48.5036889
2016/9/23,48.5036889
2016/9/24,58.71499183
2016/9/25,40.84521171
2016/9/26,43.39803744
2016/9/27,30.63390878
2016/9/28,33.18673451
2016/9/29,33.18673451
2016/9/30,33.18673451
2016/10/1,51.05651464
2016/10/2,33.18673451
2016/10/3,28.08108305
2016/10/4,28.08108305
2016/10/5,40.84521171
2016/10/6,35.73956025
2016/10/7,48.5036889
2016/10/8,45.95086317
2016/10/9,51.05651464
2016/10/10,58.71499183
2016/10/11,48.5036889
2016/10/12,51.05651464
2016/10/13,56.1621661
2016/10/14,58.71499183
2016/10/15,71.47912049
2016/10/16,66.37346903
2016/10/17,58.71499183
2016/10/18,48.5036889
2016/10/19,40.84521171
2016/10/20,48.5036889
2016/10/21,48.5036889
2016/10/22,76.58477196
2016/10/23,71.47912049
2016/10/24,58.71499183
2016/10/25,66.37346903
2016/10/26,40.84521171
2016/10/27,61.26781756
2016/10/28,74.03194622
2016/10/29,66.37346903
2016/10/30,84.24324915
2016/10/31,58.71499183
2016/11/1,63.8206433
2016/11/2,71.47912049
2016/11/3,68.92629476
2016/11/4,66.37346903
2016/11/5,68.92629476
2016/11/6,74.03194622
2016/11/7,56.1621661
2016/11/8,58.71499183
2016/11/9,68.92629476
2016/11/10,61.26781756
2016/11/11,58.71499183
2016/11/12,65.42797802
2016/11/13,63.8206433
2016/11/14,48.5036889
2016/11/15,53.60934037
2016/11/16,51.05651464
2016/11/17,56.1621661
2016/11/18,53.60934037
2016/11/19,68.92629476
2016/11/20,58.71499183
2016/11/21,45.95086317
2016/11/22,51.05651464
2016/11/23,68.92629476
2016/11/24,76.58477196
2016/11/25,53.60934037
2016/11/26,63.8206433
2016/11/27,56.1621661
2016/11/28,56.1621661
2016/11/29,53.60934037
2016/11/30,58.71499183
2016/12/1,58.71499183
2016/12/2,66.37346903
2016/12/3,58.71499183
2016/12/4,56.1621661
2016/12/5,58.71499183
2016/12/6,56.1621661
2016/12/7,58.71499183
2016/12/8,61.26781756
2016/12/9,58.71499183
2016/12/10,71.47912049
2016/12/11,63.8206433
2016/12/12,56.47991535
2016/12/13,42.26344823
2016/12/14,75.63928094
2016/12/15,100
2016/12/16,78.07020245
2016/12/17,86.08550929
2016/12/18,52.80209078
2016/12/19,46.29541334
2016/12/20,60.66485682
2016/12/21,63.86002998
2016/12/22,52.66384936
2016/12/23,52.19110385
2016/12/24,45.38356857
2016/12/25,65.80617442
2016/12/26,53.04204576
2016/12/27,54.67968423
2016/12/28,47.02120704
2016/12/29,56.270154
2016/12/30,53.71732827
2016/12/31,30.74189668
2017/1/1,24.30857391
2017/1/2,26.68175635
2017/1/3,26.08609702
2017/1/4,29.05493879
2017/1/5,34.3875081
2017/1/6,34.98316744
2017/1/7,45.64830605
2017/1/8,48.61714783
2017/1/9,37.34689497
2017/1/10,30.23680256
2017/1/11,30.83246189
2017/1/12,31.41866632
2017/1/13,41.49760051
2017/1/14,59.29174135
2017/1/15,59.29174135
2017/1/16,34.3875081
2017/1/17,36.76069054
2017/1/18,40.91139608
2017/1/19,41.49760051
2017/1/20,38.53821364
2017/1/21,45.06210162
2017/1/22,37.9425543
2017/1/23,36.1650312
2017/1/24,37.34689497
2017/1/25,30.83246189
2017/1/26,28.45927945
2017/1/27,32.609985
2017/1/28,47.43528406
2017/1/29,32.609985
2017/1/30,26.68175635
2017/1/31,33.20564433
2017/2/1,33.20564433
2017/2/2,33.79184876
2017/2/3,30.23680256
2017/2/4,37.9425543
2017/2/5,32.01432566
2017/2/6,23.71291458
2017/2/7,34.3875081
2017/2/8,30.83246189
2017/2/9,38.53821364
2017/2/10,30.83246189
2017/2/11,32.01432566
2017/2/12,26.68175635
2017/2/13,23.71291458
2017/2/14,22.53105081
2017/2/15,28.45927945
2017/2/16,30.23680256
2017/2/17,22.53105081
2017/2/18,45.06210162
2017/2/19,29.64114322
2017/2/20,23.12671015
2017/2/21,23.12671015
2017/2/22,26.68175635
2017/2/23,27.26796078
2017/2/24,29.05493879
2017/2/25,35.56937186
2017/2/26,27.26796078
2017/2/27,17.78468593
2017/2/28,22.53105081
2017/3/1,21.93539147
2017/3/2,24.30857391
2017/3/3,21.33973214
2017/3/4,26.68175635
2017/3/5,24.30857391
2017/3/6,18.97600461
2017/3/7,20.15786837
2017/3/8,19.56220903
2017/3/9,18.97600461
2017/3/10,18.97600461
2017/3/11,26.08609702
2017/3/12,20.15786837
2017/3/13,19.56220903
2017/3/14,21.33973214
2017/3/15,17.18902659
2017/3/16,18.38034527
2017/3/17,17.18902659
2017/3/18,18.38034527
2017/3/19,24.30857391
2017/3/20,15.41150349
2017/3/21,20.15786837
2017/3/22,13.63398039
2017/3/23,20.75352771
2017/3/24,14.22963973
2017/3/25,17.18902659
2017/3/26,21.33973214
2017/3/27,18.97600461
2017/3/28,11.85645729
2017/3/29,14.82529906
2017/3/30,30.83246189
2017/3/31,17.18902659
2017/4/1,16.60282217
2017/4/2,23.12671015
2017/4/3,17.18902659
2017/4/4,14.22963973
2017/4/5,15.41150349
2017/4/6,17.18902659
2017/4/7,14.82529906
2017/4/8,17.78468593
2017/4/9,12.45211663
2017/4/10,14.82529906
2017/4/11,11.85645729
2017/4/12,12.45211663
2017/4/13,13.04777596
2017/4/14,15.41150349
2017/4/15,16.60282217
2017/4/16,16.60282217
2017/4/17,13.63398039
2017/4/18,15.41150349
2017/4/19,10.07893419
2017/4/20,12.45211663
2017/4/21,11.26079795
2017/4/22,14.22963973
2017/4/23,11.85645729
2017/4/24,14.82529906
2017/4/25,8.301411084
2017/4/26,12.45211663
2017/4/27,11.26079795
2017/4/28,13.04777596
2017/4/29,11.26079795
2017/4/30,6.523887981
2017/5/1,13.63398039
2017/5/2,13.63398039
2017/5/3,14.82529906
2017/5/4,13.04777596
2017/5/5,13.04777596
2017/5/6,10.67459352
2017/5/7,10.07893419
2017/5/8,10.07893419
2017/5/9,13.04777596
2017/5/10,11.85645729
2017/5/11,13.04777596
2017/5/12,13.04777596
2017/5/13,16.00716283
2017/5/14,16.00716283
2017/5/15,9.483274848
2017/5/16,10.07893419
2017/5/17,13.04777596
2017/5/18,13.63398039
2017/5/19,11.26079795
2017/5/20,10.67459352
2017/5/21,7.705751746
2017/5/22,10.67459352
2017/5/23,8.301411084
2017/5/24,12.45211663
2017/5/25,10.07893419
2017/5/26,13.04777596
2017/5/27,11.26079795
2017/5/28,7.705751746
2017/5/29,8.301411084
2017/5/30,6.523887981
2017/5/31,12.45211663
2017/6/1,10.67459352
2017/6/2,9.483274848
2017/6/3,12.45211663
2017/6/4,10.67459352
2017/6/5,10.07893419
2017/6/6,9.483274848
2017/6/7,8.897070421
2017/6/8,12.45211663
2017/6/9,8.897070421
2017/6/10,11.85645729
2017/6/11,11.26079795
2017/6/12,4.746364879
2017/6/13,9.483274848
2017/6/14,13.04777596
2017/6/15,13.04777596
2017/6/16,10.67459352
2017/6/17,16.60282217
2017/6/18,7.705751746
2017/6/19,7.705751746
2017/6/20,9.483274848
2017/6/21,9.483274848
2017/6/22,8.897070421
2017/6/23,4.746364879
2017/6/24,6.523887981
2017/6/25,11.85645729
2017/6/26,8.897070421
2017/6/27,11.26079795
2017/6/28,10.67459352
2017/6/29,7.110092409
2017/6/30,9.483274848
2017/7/1,10.82587209
2017/7/2,14.42819284
2017/7/3,11.72408855
2017/7/4,9.918200714
2017/7/5,14.42819284
2017/7/6,15.3264093
2017/7/7,8.112312881
2017/7/8,15.3264093
2017/7/9,12.62230501
2017/7/10,9.918200714
2017/7/11,12.62230501
2017/7/12,11.72408855
2017/7/13,11.72408855
2017/7/14,10.82587209
2017/7/15,12.62230501
2017/7/16,17.13229713
2017/7/17,10.82587209
2017/7/18,15.3264093
2017/7/19,16.23408067
2017/7/20,13.52997638
2017/7/21,6.315879959
2017/7/22,12.62230501
2017/7/23,13.52997638
2017/7/24,13.52997638
2017/7/25,9.019984252
2017/7/26,12.62230501
2017/7/27,9.019984252
2017/7/28,15.3264093
2017/7/29,10.82587209
2017/7/30,12.62230501
2017/7/31,13.52997638
2017/8/1,22.54050572
2017/8/2,9.918200714
2017/8/3,12.62230501
2017/8/4,16.23408067
2017/8/5,9.019984252
2017/8/6,20.7440728
2017/8/7,14.42819284
2017/8/8,12.62230501
2017/8/9,9.918200714
2017/8/10,17.13229713
2017/8/11,19.83640143
2017/8/12,16.23408067
2017/8/13,15.3264093
2017/8/14,17.13229713
2017/8/15,17.13229713
2017/8/16,18.93818497
2017/8/17,18.93818497
2017/8/18,15.3264093
2017/8/19,27.05049785
2017/8/20,18.93818497
2017/8/21,24.34639355
2017/8/22,31.56048997
2017/8/23,26.15228139
2017/8/24,23.44817709
2017/8/25,18.93818497
2017/8/26,35.17226564
2017/8/27,27.95816922
2017/8/28,26.15228139
2017/8/29,19.83640143
2017/8/30,22.54050572
2017/8/31,37.87636993
2017/9/1,48.69278711
2017/9/2,51.40634631
2017/9/3,47.79457065
2017/9/4,39.68225776
2017/9/5,41.47869069
2017/9/6,49.60045848
2017/9/7,46.89635418
2017/9/8,37.87636993
2017/9/9,35.17226564
2017/9/10,33.36637781
2017/9/11,36.0704821
2017/9/12,30.66227351
2017/9/13,27.05049785
2017/9/14,31.56048997
2017/9/15,52.30456277
2017/9/16,64.02865132
2017/9/17,55.91633844
2017/9/18,37.87636993
2017/9/19,37.87636993
2017/9/20,45.98868281
2017/9/21,52.30456277
2017/9/22,47.79457065
2017/9/23,85.67094058
2017/9/24,62.22276349
2017/9/25,51.40634631
2017/9/26,46.89635418
2017/9/27,35.17226564
2017/9/28,48.69278711
2017/9/29,49.60045848
2017/9/30,50.49867494
2017/10/1,41.47869069
2017/10/2,45.09046635
2017/10/3,38.77458639
2017/10/4,58.62044273
2017/10/5,70.34453128
2017/10/6,69.43685991
2017/10/7,57.71277136
2017/10/8,62.22276349
2017/10/9,45.09046635
2017/10/10,40.58047423
2017/10/11,38.77458639
2017/10/12,51.40634631
2017/10/13,68.53864344
2017/10/14,86.56915704
2017/10/15,74.8545234
2017/10/16,83.86505275
2017/10/17,82.96683628
2017/10/18,63.13043486
2017/10/19,76.65095633
2017/10/20,72.1409642
2017/10/21,90.1809327
2017/10/22,63.13043486
2017/10/23,66.73275561
2017/10/24,75.75273986
2017/10/25,61.32454702
2017/10/26,66.73275561
2017/10/27,67.63097207
2017/10/28,64.02865132
2017/10/29,56.8145549
2017/10/30,55.91633844
2017/10/31,71.24274774
2017/11/1,55.91633844
2017/11/2,52.30456277
2017/11/3,56.8145549
2017/11/4,78.45684416
2017/11/5,74.8545234
2017/11/6,57.71277136
2017/11/7,58.62044273
2017/11/8,61.32454702
2017/11/9,62.22276349
2017/11/10,58.62044273
2017/11/11,82.06861982
2017/11/12,66.73275561
2017/11/13,68.53864344
2017/11/14,66.73275561
2017/11/15,60.41687565
2017/11/16,48.69278711
2017/11/17,55.00866707
2017/11/18,81.16094845
2017/11/19,63.13043486
2017/11/20,64.92686778
2017/11/21,60.41687565
2017/11/22,72.1409642
2017/11/23,81.16094845
2017/11/24,64.02865132
2017/11/25,78.45684416
2017/11/26,68.53864344
2017/11/27,71.24274774
2017/11/28,42.38636206
2017/11/29,51.40634631
2017/11/30,61.32454702
2017/12/1,64.02865132
2017/12/2,73.04863557
2017/12/3,65.83453915
2017/12/4,60.41687565
2017/12/5,53.20277923
2017/12/6,45.09046635
2017/12/7,67.63097207
2017/12/8,49.60045848
2017/12/9,64.92686778
2017/12/10,44.19224989
2017/12/11,65.83453915
2017/12/12,64.02865132
2017/12/13,40.58047423
2017/12/14,72.1409642
2017/12/15,64.02865132
2017/12/16,55.91633844
2017/12/17,83.86505275
2017/12/18,60.41687565
2017/12/19,56.8145549
2017/12/20,46.89635418
2017/12/21,53.20277923
2017/12/22,42.38636206
2017/12/23,53.20277923
2017/12/24,35.17226564
2017/12/25,43.28457852
2017/12/26,56.8145549
2017/12/27,69.43685991
2017/12/28,43.28457852
2017/12/29,56.8145549
2017/12/30,50.49867494
2017/12/31,36.0704821